0 verbose cli /data/data/com.termux/files/usr/bin/node /data/data/com.termux/files/usr/lib/node_modules/npm/bin/npm-cli.js
1 info using npm@11.20.0
2 info using node@v26.4.0
3 silly config load:file:/data/data/com.termux/files/usr/lib/node_modules/npm/npmrc
4 silly config load:file:/data/data/com.termux/files/home/ai-sandbox-backend/.npmrc
5 silly config load:file:/data/data/com.termux/files/home/.npmrc
6 silly config load:file:/data/data/com.termux/files/usr/etc/npmrc
7 verbose title npm exec prisma db push
8 verbose argv "exec" "--" "prisma" "db" "push"
9 verbose logfile logs-max:10 dir:/data/data/com.termux/files/home/.npm/_logs/2026-10-03T18_02_39_709Z-
10 verbose logfile /data/data/com.termux/files/home/.npm/_logs/2026-10-03T18_02_39_709Z-debug-0.log
11 silly logfile done cleaning log files
12 silly packumentCache heap:1040711680 maxSize:260177920 maxEntrySize:130088960
13 http fetch GET 200 https://registry.npmjs.org/prisma 3693ms (cache miss)
14 silly packumentCache heap:1040711680 maxSize:260177920 maxEntrySize:130088960
15 silly packumentCache heap:1040711680 maxSize:260177920 maxEntrySize:130088960
16 silly idealTree buildDeps
17 silly fetch manifest prisma@8.0.0-rc.19
18 silly packumentCache full:https://registry.npmjs.org/prisma cache-miss
19 http fetch GET 200 https://registry.npmjs.org/prisma 341ms (cache revalidated)
20 silly packumentCache full:https://registry.npmjs.org/prisma set size:43943466 disposed:false
21 silly placeDep ROOT prisma@8.0.0-rc.19 OK for:  want: 8.0.0-rc.19
22 silly fetch manifest open@^11.0.0
23 silly packumentCache full:https://registry.npmjs.org/open cache-miss
24 silly fetch manifest execa@^9.6.1
25 silly packumentCache full:https://registry.npmjs.org/execa cache-miss
26 silly fetch manifest dotenv@^17.4.2
27 silly packumentCache full:https://registry.npmjs.org/dotenv cache-miss
28 silly fetch manifest cross-spawn@^7.0.6
29 silly packumentCache full:https://registry.npmjs.org/cross-spawn cache-miss
30 silly fetch manifest better-result@^2.9.2
31 silly packumentCache full:https://registry.npmjs.org/better-result cache-miss
32 silly fetch manifest @manypkg/tools@^2.1.2
33 silly packumentCache full:https://registry.npmjs.org/@manypkg%2ftools cache-miss
34 silly fetch manifest @prisma/cli-engine@0.6.2
35 silly packumentCache full:https://registry.npmjs.org/@prisma%2fcli-engine cache-miss
36 http fetch GET 200 https://registry.npmjs.org/dotenv 294ms (cache miss)
37 silly packumentCache full:https://registry.npmjs.org/dotenv set size:undefined disposed:false
38 silly fetch manifest @prisma/compute-sdk@0.43.0
39 silly packumentCache full:https://registry.npmjs.org/@prisma%2fcompute-sdk cache-miss
40 http fetch GET 200 https://registry.npmjs.org/cross-spawn 377ms (cache revalidated)
41 silly packumentCache full:https://registry.npmjs.org/cross-spawn set size:109066 disposed:false
42 silly fetch manifest @prisma/composer-cli@0.25.0
43 silly packumentCache full:https://registry.npmjs.org/@prisma%2fcomposer-cli cache-miss
44 http fetch GET 200 https://registry.npmjs.org/open 398ms (cache revalidated)
45 silly packumentCache full:https://registry.npmjs.org/open set size:145310 disposed:false
46 silly fetch manifest @vercel/detect-agent@^1.2.3
47 silly packumentCache full:https://registry.npmjs.org/@vercel%2fdetect-agent cache-miss
48 http fetch GET 200 https://registry.npmjs.org/execa 419ms (cache revalidated)
49 silly packumentCache full:https://registry.npmjs.org/execa set size:188760 disposed:false
50 silly fetch manifest @prisma/orm-toolchain@8.0.0-rc.13
51 silly packumentCache full:https://registry.npmjs.org/@prisma%2form-toolchain cache-miss
52 http fetch GET 200 https://registry.npmjs.org/@prisma%2fcompute-sdk 138ms (cache miss)
53 silly packumentCache full:https://registry.npmjs.org/@prisma%2fcompute-sdk set size:undefined disposed:false
54 silly fetch manifest @prisma/management-api-sdk@1.80.0
55 silly packumentCache full:https://registry.npmjs.org/@prisma%2fmanagement-api-sdk cache-miss
56 http fetch GET 200 https://registry.npmjs.org/@vercel%2fdetect-agent 89ms (cache miss)
57 silly packumentCache full:https://registry.npmjs.org/@vercel%2fdetect-agent set size:undefined disposed:false
58 http fetch GET 200 https://registry.npmjs.org/better-result 575ms (cache miss)
59 silly packumentCache full:https://registry.npmjs.org/better-result set size:undefined disposed:false
60 http fetch GET 200 https://registry.npmjs.org/@prisma%2form-toolchain 203ms (cache miss)
61 silly packumentCache full:https://registry.npmjs.org/@prisma%2form-toolchain set size:undefined disposed:false
62 http fetch GET 200 https://registry.npmjs.org/@manypkg%2ftools 712ms (cache miss)
63 silly packumentCache full:https://registry.npmjs.org/@manypkg%2ftools set size:undefined disposed:false
64 http fetch GET 200 https://registry.npmjs.org/@prisma%2fmanagement-api-sdk 262ms (cache miss)
65 silly packumentCache full:https://registry.npmjs.org/@prisma%2fmanagement-api-sdk set size:undefined disposed:false
66 http fetch GET 200 https://registry.npmjs.org/@prisma%2fcli-engine 744ms (cache miss)
67 silly packumentCache full:https://registry.npmjs.org/@prisma%2fcli-engine set size:undefined disposed:false
68 http fetch GET 200 https://registry.npmjs.org/@prisma%2fcomposer-cli 473ms (cache miss)
69 silly packumentCache full:https://registry.npmjs.org/@prisma%2fcomposer-cli set size:undefined disposed:false
70 silly fetch manifest @prisma/cli-engine@0.6.1
71 silly packumentCache full:https://registry.npmjs.org/@prisma%2fcli-engine cache-miss
72 http cache https://registry.npmjs.org/@prisma%2fcli-engine 19ms (cache hit)
73 silly packumentCache full:https://registry.npmjs.org/@prisma%2fcli-engine set size:55911 disposed:false
74 silly placeDep ROOT @manypkg/tools@2.1.2 OK for: prisma@8.0.0-rc.19 want: ^2.1.2
75 silly placeDep ROOT @prisma/cli-engine@0.6.2 OK for: prisma@8.0.0-rc.19 want: 0.6.2
76 silly placeDep ROOT @prisma/management-api-sdk@1.80.0 OK for: @prisma/cli-engine@0.6.2 want: ^1.55.0
77 silly placeDep ROOT @prisma/composer-cli@0.25.0 OK for: prisma@8.0.0-rc.19 want: 0.25.0
78 silly placeDep ROOT @prisma/compute-sdk@0.43.0 OK for: prisma@8.0.0-rc.19 want: 0.43.0
79 silly placeDep ROOT @prisma/orm-toolchain@8.0.0-rc.13 OK for: prisma@8.0.0-rc.19 want: 8.0.0-rc.13
80 silly placeDep ROOT @vercel/detect-agent@1.2.5 OK for: prisma@8.0.0-rc.19 want: ^1.2.3
81 silly placeDep ROOT better-result@2.10.0 OK for: prisma@8.0.0-rc.19 want: ^2.9.2
82 silly placeDep ROOT cross-spawn@7.0.6 OK for: prisma@8.0.0-rc.19 want: ^7.0.6
83 silly placeDep ROOT dotenv@17.4.2 OK for: prisma@8.0.0-rc.19 want: ^17.4.2
84 silly placeDep ROOT execa@9.6.1 OK for: prisma@8.0.0-rc.19 want: ^9.6.1
85 silly placeDep ROOT open@11.0.4 OK for: prisma@8.0.0-rc.19 want: ^11.0.0
86 silly fetch manifest jju@^1.4.0
87 silly packumentCache full:https://registry.npmjs.org/jju cache-miss
88 silly fetch manifest tinyglobby@^0.2.13
89 silly packumentCache full:https://registry.npmjs.org/tinyglobby cache-miss
90 silly fetch manifest yaml@^2.9.0
91 silly packumentCache full:https://registry.npmjs.org/yaml cache-miss
92 silly fetch manifest c12@3.3.4
93 silly packumentCache full:https://registry.npmjs.org/c12 cache-miss
94 silly fetch manifest arktype@2.2.3
95 silly packumentCache full:https://registry.npmjs.org/arktype cache-miss
96 silly fetch manifest colorette@^2.0.20
97 silly packumentCache full:https://registry.npmjs.org/colorette cache-miss
98 silly fetch manifest string-width@^8.2.1
99 silly packumentCache full:https://registry.npmjs.org/string-width cache-miss
100 http fetch GET 200 https://registry.npmjs.org/tinyglobby 125ms (cache miss)
101 silly packumentCache full:https://registry.npmjs.org/tinyglobby set size:undefined disposed:false
102 silly fetch manifest @stricli/core@1.3.0
103 silly packumentCache full:https://registry.npmjs.org/@stricli%2fcore cache-miss
104 http fetch GET 200 https://registry.npmjs.org/string-width 151ms (cache revalidated)
105 silly packumentCache full:https://registry.npmjs.org/string-width set size:74702 disposed:false
106 silly fetch manifest @clack/prompts@1.5.0
107 silly packumentCache full:https://registry.npmjs.org/@clack%2fprompts cache-miss
108 http fetch GET 200 https://registry.npmjs.org/yaml 166ms (cache revalidated)
109 silly packumentCache full:https://registry.npmjs.org/yaml set size:386415 disposed:false
110 silly fetch manifest package-manager-detector@1.8.0
111 silly packumentCache full:https://registry.npmjs.org/package-manager-detector cache-miss
112 http fetch GET 200 https://registry.npmjs.org/jju 277ms (cache miss)
113 silly packumentCache full:https://registry.npmjs.org/jju set size:undefined disposed:false
114 silly fetch manifest openapi-fetch@0.14.0
115 silly packumentCache full:https://registry.npmjs.org/openapi-fetch cache-miss
116 http fetch GET 200 https://registry.npmjs.org/arktype 285ms (cache miss)
117 silly packumentCache full:https://registry.npmjs.org/arktype set size:undefined disposed:false
118 silly fetch manifest c12@^3.3.4
119 silly packumentCache full:https://registry.npmjs.org/c12 cache-miss
120 http fetch GET 200 https://registry.npmjs.org/colorette 426ms (cache miss)
121 silly packumentCache full:https://registry.npmjs.org/colorette set size:undefined disposed:false
122 silly fetch manifest effect@4.0.0-rc.115
123 silly packumentCache full:https://registry.npmjs.org/effect cache-miss
124 http fetch GET 200 https://registry.npmjs.org/c12 461ms (cache miss)
125 silly packumentCache full:https://registry.npmjs.org/c12 set size:undefined disposed:false
126 silly fetch manifest alchemy@2.0.0-beta.78
127 silly packumentCache full:https://registry.npmjs.org/alchemy cache-miss
128 http fetch GET 200 https://registry.npmjs.org/package-manager-detector 299ms (cache miss)
129 silly packumentCache full:https://registry.npmjs.org/package-manager-detector set size:undefined disposed:false
130 silly fetch manifest esbuild@^0.28.1
131 silly packumentCache full:https://registry.npmjs.org/esbuild cache-miss
132 http fetch GET 200 https://registry.npmjs.org/c12 185ms (cache miss)
133 silly packumentCache full:https://registry.npmjs.org/c12 set size:undefined disposed:false
134 silly fetch manifest @prisma/composer@0.25.0
135 silly packumentCache full:https://registry.npmjs.org/@prisma%2fcomposer cache-miss
136 http fetch GET 200 https://registry.npmjs.org/openapi-fetch 306ms (cache miss)
137 silly packumentCache full:https://registry.npmjs.org/openapi-fetch set size:undefined disposed:false
138 silly fetch manifest @vercel/nft@^1.10.2
139 silly packumentCache full:https://registry.npmjs.org/@vercel%2fnft cache-miss
140 http fetch GET 200 https://registry.npmjs.org/esbuild 119ms (cache revalidated)
141 silly packumentCache full:https://registry.npmjs.org/esbuild set size:1264676 disposed:false
142 silly fetch manifest better-result@^2.7.0
143 silly packumentCache full:https://registry.npmjs.org/better-result cache-miss
144 http fetch GET 200 https://registry.npmjs.org/@clack%2fprompts 503ms (cache revalidated)
145 silly packumentCache full:https://registry.npmjs.org/@clack%2fprompts set size:182253 disposed:false
146 silly fetch manifest jiti@^2.7.0
147 silly packumentCache full:https://registry.npmjs.org/jiti cache-miss
148 http cache https://registry.npmjs.org/better-result 35ms (cache hit)
149 silly packumentCache full:https://registry.npmjs.org/better-result set size:86996 disposed:false
150 silly fetch manifest magicast@^0.5.3
151 silly packumentCache full:https://registry.npmjs.org/magicast cache-miss
152 http fetch GET 200 https://registry.npmjs.org/alchemy 322ms (cache miss)
153 silly packumentCache full:https://registry.npmjs.org/alchemy set size:undefined disposed:false
154 silly fetch manifest picomatch@^4.0.4
155 silly packumentCache full:https://registry.npmjs.org/picomatch cache-miss
156 http fetch GET 200 https://registry.npmjs.org/@stricli%2fcore 828ms (cache miss)
157 silly packumentCache full:https://registry.npmjs.org/@stricli%2fcore set size:undefined disposed:false
158 silly fetch manifest tar-stream@^3.1.8
159 silly packumentCache full:https://registry.npmjs.org/tar-stream cache-miss
160 http fetch GET 200 https://registry.npmjs.org/magicast 277ms (cache miss)
161 silly packumentCache full:https://registry.npmjs.org/magicast set size:undefined disposed:false
162 silly fetch manifest tiny-invariant@1.3.3
163 silly packumentCache full:https://registry.npmjs.org/tiny-invariant cache-miss
164 http fetch GET 200 https://registry.npmjs.org/@vercel%2fnft 369ms (cache revalidated)
165 silly packumentCache full:https://registry.npmjs.org/@vercel%2fnft set size:597448 disposed:false
166 silly fetch manifest ws@^8.20.0
167 silly packumentCache full:https://registry.npmjs.org/ws cache-miss
168 http fetch GET 200 https://registry.npmjs.org/jiti 369ms (cache revalidated)
169 silly packumentCache full:https://registry.npmjs.org/jiti set size:387989 disposed:false
170 silly fetch manifest yaml@^2.8.2
171 silly packumentCache full:https://registry.npmjs.org/yaml cache-hit
172 silly fetch manifest pathe@^2.0.3
173 silly packumentCache full:https://registry.npmjs.org/pathe cache-miss
174 http fetch GET 200 https://registry.npmjs.org/@prisma%2fcomposer 591ms (cache miss)
175 silly packumentCache full:https://registry.npmjs.org/@prisma%2fcomposer set size:undefined disposed:false
176 silly fetch manifest arktype@^2.2.2
177 silly packumentCache full:https://registry.npmjs.org/arktype cache-miss
178 http cache https://registry.npmjs.org/arktype 11ms (cache hit)
179 silly packumentCache full:https://registry.npmjs.org/arktype set size:430729 disposed:false
180 silly fetch manifest ci-info@^4.3.1
181 silly packumentCache full:https://registry.npmjs.org/ci-info cache-miss
182 http fetch GET 200 https://registry.npmjs.org/picomatch 476ms (cache revalidated)
183 silly packumentCache full:https://registry.npmjs.org/picomatch set size:134451 disposed:false
184 silly fetch manifest esbuild@^0.28.2
185 silly packumentCache full:https://registry.npmjs.org/esbuild cache-miss
186 http cache https://registry.npmjs.org/esbuild 31ms (cache hit)
187 silly packumentCache full:https://registry.npmjs.org/esbuild set size:1264676 disposed:false
188 silly fetch manifest prettier@^3.9.6
189 silly packumentCache full:https://registry.npmjs.org/prettier cache-miss
190 http fetch GET 200 https://registry.npmjs.org/tiny-invariant 495ms (cache miss)
191 silly packumentCache full:https://registry.npmjs.org/tiny-invariant set size:undefined disposed:false
192 silly fetch manifest clipanion@4.0.0-rc.4
193 silly packumentCache full:https://registry.npmjs.org/clipanion cache-miss
194 http fetch GET 200 https://registry.npmjs.org/tar-stream 518ms (cache miss)
195 silly packumentCache full:https://registry.npmjs.org/tar-stream set size:undefined disposed:false
196 silly fetch manifest wrap-ansi@^10.0.0
197 silly packumentCache full:https://registry.npmjs.org/wrap-ansi cache-miss
198 http fetch GET 200 https://registry.npmjs.org/pathe 475ms (cache miss)
199 silly packumentCache full:https://registry.npmjs.org/pathe set size:undefined disposed:false
200 silly fetch manifest strip-ansi@^7.2.0
201 silly packumentCache full:https://registry.npmjs.org/strip-ansi cache-miss
202 http fetch GET 200 https://registry.npmjs.org/ws 576ms (cache miss)
203 silly packumentCache full:https://registry.npmjs.org/ws set size:undefined disposed:false
204 silly fetch manifest tinyglobby@^0.2.17
205 silly packumentCache full:https://registry.npmjs.org/tinyglobby cache-miss
206 http fetch GET 200 https://registry.npmjs.org/ci-info 470ms (cache miss)
207 silly packumentCache full:https://registry.npmjs.org/ci-info set size:undefined disposed:false
208 silly fetch manifest jsonc-parser@^3.3.1
209 silly packumentCache full:https://registry.npmjs.org/jsonc-parser cache-miss
210 http cache https://registry.npmjs.org/tinyglobby 21ms (cache hit)
211 silly packumentCache full:https://registry.npmjs.org/tinyglobby set size:54291 disposed:false
212 silly fetch manifest string-width@^8.2.2
213 silly packumentCache full:https://registry.npmjs.org/string-width cache-hit
214 silly fetch manifest closest-match@^1.3.3
215 silly packumentCache full:https://registry.npmjs.org/closest-match cache-miss
216 http fetch GET 200 https://registry.npmjs.org/effect 1217ms (cache miss)
217 silly packumentCache full:https://registry.npmjs.org/effect set size:undefined disposed:false
218 silly fetch manifest @vercel/detect-agent@^1.2.4
219 silly packumentCache full:https://registry.npmjs.org/@vercel%2fdetect-agent cache-miss
220 http fetch GET 200 https://registry.npmjs.org/wrap-ansi 607ms (cache revalidated)
221 silly packumentCache full:https://registry.npmjs.org/wrap-ansi set size:59620 disposed:false
222 silly fetch manifest @prisma/orm-framework@8.0.0-rc.13
223 silly packumentCache full:https://registry.npmjs.org/@prisma%2form-framework cache-miss
224 http fetch GET 200 https://registry.npmjs.org/strip-ansi 549ms (cache revalidated)
225 silly packumentCache full:https://registry.npmjs.org/strip-ansi set size:44998 disposed:false
226 silly fetch manifest vscode-languageserver@10.1.0
227 silly packumentCache full:https://registry.npmjs.org/vscode-languageserver cache-miss
228 http fetch GET 200 https://registry.npmjs.org/jsonc-parser 487ms (cache revalidated)
229 silly packumentCache full:https://registry.npmjs.org/jsonc-parser set size:102715 disposed:false
230 silly fetch manifest package-manager-detector@^1.8.0
231 silly packumentCache full:https://registry.npmjs.org/package-manager-detector cache-miss
232 http fetch GET 200 https://registry.npmjs.org/closest-match 525ms (cache miss)
233 silly packumentCache full:https://registry.npmjs.org/closest-match set size:undefined disposed:false
234 silly fetch manifest vscode-languageserver-textdocument@1.0.12
235 silly packumentCache full:https://registry.npmjs.org/vscode-languageserver-textdocument cache-miss
236 http fetch GET 200 https://registry.npmjs.org/clipanion 693ms (cache miss)
237 silly packumentCache full:https://registry.npmjs.org/clipanion set size:undefined disposed:false
238 silly fetch manifest which@^2.0.1
239 silly packumentCache full:https://registry.npmjs.org/which cache-miss
240 http cache https://registry.npmjs.org/@vercel%2fdetect-agent 109ms (cache hit)
241 silly packumentCache full:https://registry.npmjs.org/@vercel%2fdetect-agent set size:52999 disposed:false
242 silly fetch manifest path-key@^3.1.0
243 silly packumentCache full:https://registry.npmjs.org/path-key cache-miss
244 http cache https://registry.npmjs.org/package-manager-detector 67ms (cache hit)
245 silly packumentCache full:https://registry.npmjs.org/package-manager-detector set size:71217 disposed:false
246 silly fetch manifest shebang-command@^2.0.0
247 silly packumentCache full:https://registry.npmjs.org/shebang-command cache-miss
248 http fetch GET 200 https://registry.npmjs.org/prettier 765ms (cache miss)
249 silly packumentCache full:https://registry.npmjs.org/prettier set size:undefined disposed:false
250 silly fetch manifest figures@^6.1.0
251 silly packumentCache full:https://registry.npmjs.org/figures cache-miss
252 http fetch GET 200 https://registry.npmjs.org/which 127ms (cache revalidated)
253 silly packumentCache full:https://registry.npmjs.org/which set size:70147 disposed:false
254 silly fetch manifest is-stream@^4.0.1
255 silly packumentCache full:https://registry.npmjs.org/is-stream cache-miss
256 http fetch GET 200 https://registry.npmjs.org/vscode-languageserver-textdocument 189ms (cache miss)
257 silly packumentCache full:https://registry.npmjs.org/vscode-languageserver-textdocument set size:undefined disposed:false
258 silly fetch manifest pretty-ms@^9.2.0
259 silly packumentCache full:https://registry.npmjs.org/pretty-ms cache-miss
260 http fetch GET 200 https://registry.npmjs.org/shebang-command 164ms (cache revalidated)
261 silly packumentCache full:https://registry.npmjs.org/shebang-command set size:8525 disposed:false
262 silly fetch manifest get-stream@^9.0.0
263 silly packumentCache full:https://registry.npmjs.org/get-stream cache-miss
264 http fetch GET 200 https://registry.npmjs.org/path-key 188ms (cache revalidated)
265 silly packumentCache full:https://registry.npmjs.org/path-key set size:16975 disposed:false
266 silly fetch manifest signal-exit@^4.1.0
267 silly packumentCache full:https://registry.npmjs.org/signal-exit cache-miss
268 http fetch GET 200 https://registry.npmjs.org/figures 122ms (cache revalidated)
269 silly packumentCache full:https://registry.npmjs.org/figures set size:64597 disposed:false
270 silly fetch manifest yoctocolors@^2.1.1
271 silly packumentCache full:https://registry.npmjs.org/yoctocolors cache-miss
272 http fetch GET 200 https://registry.npmjs.org/vscode-languageserver 286ms (cache miss)
273 silly packumentCache full:https://registry.npmjs.org/vscode-languageserver set size:undefined disposed:false
274 silly fetch manifest is-plain-obj@^4.1.0
275 silly packumentCache full:https://registry.npmjs.org/is-plain-obj cache-miss
276 http fetch GET 200 https://registry.npmjs.org/pretty-ms 103ms (cache revalidated)
277 silly packumentCache full:https://registry.npmjs.org/pretty-ms set size:65228 disposed:false
278 silly fetch manifest npm-run-path@^6.0.0
279 silly packumentCache full:https://registry.npmjs.org/npm-run-path cache-miss
280 http fetch GET 200 https://registry.npmjs.org/signal-exit 102ms (cache revalidated)
281 silly packumentCache full:https://registry.npmjs.org/signal-exit set size:53489 disposed:false
282 silly fetch manifest human-signals@^8.0.1
283 silly packumentCache full:https://registry.npmjs.org/human-signals cache-miss
284 http fetch GET 200 https://registry.npmjs.org/get-stream 117ms (cache revalidated)
285 silly packumentCache full:https://registry.npmjs.org/get-stream set size:57536 disposed:false
286 silly fetch manifest strip-final-newline@^4.0.0
287 silly packumentCache full:https://registry.npmjs.org/strip-final-newline cache-miss
288 http fetch GET 200 https://registry.npmjs.org/is-plain-obj 80ms (cache revalidated)
289 silly packumentCache full:https://registry.npmjs.org/is-plain-obj set size:17899 disposed:false
290 silly fetch manifest @sindresorhus/merge-streams@^4.0.0
291 silly packumentCache full:https://registry.npmjs.org/@sindresorhus%2fmerge-streams cache-miss
292 http fetch GET 200 https://registry.npmjs.org/npm-run-path 104ms (cache revalidated)
293 silly packumentCache full:https://registry.npmjs.org/npm-run-path set size:33596 disposed:false
294 silly fetch manifest is-in-ssh@^1.0.0
295 silly packumentCache full:https://registry.npmjs.org/is-in-ssh cache-miss
296 http fetch GET 200 https://registry.npmjs.org/strip-final-newline 87ms (cache revalidated)
297 silly packumentCache full:https://registry.npmjs.org/strip-final-newline set size:9328 disposed:false
298 silly fetch manifest wsl-utils@^1.0.0
299 silly packumentCache full:https://registry.npmjs.org/wsl-utils cache-miss
300 http fetch GET 200 https://registry.npmjs.org/is-stream 274ms (cache revalidated)
301 silly packumentCache full:https://registry.npmjs.org/is-stream set size:18582 disposed:false
302 silly fetch manifest default-browser@^5.5.1
303 silly packumentCache full:https://registry.npmjs.org/default-browser cache-miss
304 http fetch GET 200 https://registry.npmjs.org/@sindresorhus%2fmerge-streams 122ms (cache revalidated)
305 silly packumentCache full:https://registry.npmjs.org/@sindresorhus%2fmerge-streams set size:23303 disposed:false
306 silly fetch manifest define-lazy-prop@^3.0.0
307 silly packumentCache full:https://registry.npmjs.org/define-lazy-prop cache-miss
308 http fetch GET 200 https://registry.npmjs.org/default-browser 71ms (cache revalidated)
309 silly packumentCache full:https://registry.npmjs.org/default-browser set size:33554 disposed:false
310 silly fetch manifest powershell-utils@^0.2.1
311 silly packumentCache full:https://registry.npmjs.org/powershell-utils cache-miss
312 http fetch GET 200 https://registry.npmjs.org/yoctocolors 285ms (cache revalidated)
313 silly packumentCache full:https://registry.npmjs.org/yoctocolors set size:29077 disposed:false
314 silly fetch manifest is-inside-container@^1.0.0
315 silly packumentCache full:https://registry.npmjs.org/is-inside-container cache-miss
316 http fetch GET 200 https://registry.npmjs.org/wsl-utils 95ms (cache revalidated)
317 silly packumentCache full:https://registry.npmjs.org/wsl-utils set size:19203 disposed:false
318 http fetch GET 200 https://registry.npmjs.org/@prisma%2form-framework 588ms (cache miss)
319 silly packumentCache full:https://registry.npmjs.org/@prisma%2form-framework set size:undefined disposed:false
320 http fetch GET 200 https://registry.npmjs.org/is-in-ssh 145ms (cache miss)
321 silly packumentCache full:https://registry.npmjs.org/is-in-ssh set size:undefined disposed:false
322 http fetch GET 200 https://registry.npmjs.org/define-lazy-prop 101ms (cache revalidated)
323 silly packumentCache full:https://registry.npmjs.org/define-lazy-prop set size:9337 disposed:false
324 http fetch GET 200 https://registry.npmjs.org/powershell-utils 71ms (cache miss)
325 silly packumentCache full:https://registry.npmjs.org/powershell-utils set size:undefined disposed:false
326 http fetch GET 200 https://registry.npmjs.org/human-signals 263ms (cache revalidated)
327 silly packumentCache full:https://registry.npmjs.org/human-signals set size:47322 disposed:false
328 http fetch GET 200 https://registry.npmjs.org/is-inside-container 109ms (cache revalidated)
329 silly packumentCache full:https://registry.npmjs.org/is-inside-container set size:4403 disposed:false
330 silly placeDep ROOT jju@1.4.0 OK for: @manypkg/tools@2.1.2 want: ^1.4.0
331 silly placeDep ROOT tinyglobby@0.2.17 OK for: @manypkg/tools@2.1.2 want: ^0.2.13
332 silly placeDep ROOT yaml@2.9.1 OK for: @manypkg/tools@2.1.2 want: ^2.9.0
333 silly fetch manifest fdir@^6.5.0
334 silly packumentCache full:https://registry.npmjs.org/fdir cache-miss
335 http fetch GET 200 https://registry.npmjs.org/fdir 117ms (cache miss)
336 silly packumentCache full:https://registry.npmjs.org/fdir set size:undefined disposed:false
337 silly placeDep ROOT @clack/prompts@1.5.0 OK for: @prisma/cli-engine@0.6.2 want: 1.5.0
338 silly placeDep ROOT @stricli/core@1.3.0 OK for: @prisma/cli-engine@0.6.2 want: 1.3.0
339 silly placeDep ROOT arktype@2.2.3 OK for: @prisma/cli-engine@0.6.2 want: 2.2.3
340 silly placeDep ROOT c12@3.3.4 OK for: @prisma/cli-engine@0.6.2 want: 3.3.4
341 silly placeDep ROOT colorette@2.0.20 OK for: @prisma/cli-engine@0.6.2 want: ^2.0.20
342 silly placeDep ROOT package-manager-detector@1.8.0 OK for: @prisma/cli-engine@0.6.2 want: 1.8.0
343 silly placeDep ROOT string-width@8.3.0 OK for: @prisma/cli-engine@0.6.2 want: ^8.2.1
344 silly fetch manifest sisteransi@^1.0.5
345 silly packumentCache full:https://registry.npmjs.org/sisteransi cache-miss
346 silly fetch manifest @clack/core@1.4.0
347 silly packumentCache full:https://registry.npmjs.org/@clack%2fcore cache-miss
348 silly fetch manifest fast-wrap-ansi@^0.2.0
349 silly packumentCache full:https://registry.npmjs.org/fast-wrap-ansi cache-miss
350 silly fetch manifest fast-string-width@^3.0.2
351 silly packumentCache full:https://registry.npmjs.org/fast-string-width cache-miss
352 silly fetch manifest arkregex@0.0.8
353 silly packumentCache full:https://registry.npmjs.org/arkregex cache-miss
354 silly fetch manifest @ark/util@0.56.2
355 silly packumentCache full:https://registry.npmjs.org/@ark%2futil cache-miss
356 silly fetch manifest @ark/schema@0.56.2
357 silly packumentCache full:https://registry.npmjs.org/@ark%2fschema cache-miss
358 http fetch GET 200 https://registry.npmjs.org/sisteransi 129ms (cache revalidated)
359 silly packumentCache full:https://registry.npmjs.org/sisteransi set size:25723 disposed:false
360 silly fetch manifest rc9@^3.0.1
361 silly packumentCache full:https://registry.npmjs.org/rc9 cache-miss
362 http fetch GET 200 https://registry.npmjs.org/fast-wrap-ansi 153ms (cache miss)
363 silly packumentCache full:https://registry.npmjs.org/fast-wrap-ansi set size:undefined disposed:false
364 silly fetch manifest defu@^6.1.6
365 silly packumentCache full:https://registry.npmjs.org/defu cache-miss
366 http fetch GET 200 https://registry.npmjs.org/@clack%2fcore 167ms (cache revalidated)
367 silly packumentCache full:https://registry.npmjs.org/@clack%2fcore set size:152719 disposed:false
368 silly fetch manifest jiti@^2.6.1
369 silly packumentCache full:https://registry.npmjs.org/jiti cache-hit
370 silly fetch manifest giget@^3.2.0
371 silly packumentCache full:https://registry.npmjs.org/giget cache-miss
372 http fetch GET 200 https://registry.npmjs.org/@ark%2futil 182ms (cache miss)
373 silly packumentCache full:https://registry.npmjs.org/@ark%2futil set size:undefined disposed:false
374 silly fetch manifest ohash@^2.0.11
375 silly packumentCache full:https://registry.npmjs.org/ohash cache-miss
376 http fetch GET 200 https://registry.npmjs.org/rc9 77ms (cache miss)
377 silly packumentCache full:https://registry.npmjs.org/rc9 set size:undefined disposed:false
378 silly fetch manifest confbox@^0.2.4
379 silly packumentCache full:https://registry.npmjs.org/confbox cache-miss
380 http fetch GET 200 https://registry.npmjs.org/defu 91ms (cache miss)
381 silly packumentCache full:https://registry.npmjs.org/defu set size:undefined disposed:false
382 silly fetch manifest exsolve@^1.0.8
383 silly packumentCache full:https://registry.npmjs.org/exsolve cache-miss
384 http fetch GET 200 https://registry.npmjs.org/ohash 94ms (cache miss)
385 silly packumentCache full:https://registry.npmjs.org/ohash set size:undefined disposed:false
386 silly fetch manifest chokidar@^5.0.0
387 silly packumentCache full:https://registry.npmjs.org/chokidar cache-miss
388 http fetch GET 200 https://registry.npmjs.org/arkregex 294ms (cache miss)
389 silly packumentCache full:https://registry.npmjs.org/arkregex set size:undefined disposed:false
390 silly fetch manifest pkg-types@^2.3.0
391 silly packumentCache full:https://registry.npmjs.org/pkg-types cache-miss
392 http fetch GET 200 https://registry.npmjs.org/fast-string-width 307ms (cache miss)
393 silly packumentCache full:https://registry.npmjs.org/fast-string-width set size:undefined disposed:false
394 silly fetch manifest perfect-debounce@^2.1.0
395 silly packumentCache full:https://registry.npmjs.org/perfect-debounce cache-miss
396 http fetch GET 200 https://registry.npmjs.org/confbox 96ms (cache miss)
397 silly packumentCache full:https://registry.npmjs.org/confbox set size:undefined disposed:false
398 silly fetch manifest strip-ansi@^7.1.2
399 silly packumentCache full:https://registry.npmjs.org/strip-ansi cache-hit
400 silly fetch manifest get-east-asian-width@^1.5.0
401 silly packumentCache full:https://registry.npmjs.org/get-east-asian-width cache-miss
402 http fetch GET 200 https://registry.npmjs.org/exsolve 78ms (cache miss)
403 silly packumentCache full:https://registry.npmjs.org/exsolve set size:undefined disposed:false
404 http fetch GET 200 https://registry.npmjs.org/pkg-types 105ms (cache miss)
405 silly packumentCache full:https://registry.npmjs.org/pkg-types set size:undefined disposed:false
406 http fetch GET 200 https://registry.npmjs.org/chokidar 126ms (cache revalidated)
407 silly packumentCache full:https://registry.npmjs.org/chokidar set size:255902 disposed:false
408 http fetch GET 200 https://registry.npmjs.org/perfect-debounce 138ms (cache miss)
409 silly packumentCache full:https://registry.npmjs.org/perfect-debounce set size:undefined disposed:false
410 http fetch GET 200 https://registry.npmjs.org/get-east-asian-width 127ms (cache revalidated)
411 silly packumentCache full:https://registry.npmjs.org/get-east-asian-width set size:22908 disposed:false
412 http fetch GET 200 https://registry.npmjs.org/giget 286ms (cache miss)
413 silly packumentCache full:https://registry.npmjs.org/giget set size:undefined disposed:false
414 http fetch GET 200 https://registry.npmjs.org/@ark%2fschema 535ms (cache miss)
415 silly packumentCache full:https://registry.npmjs.org/@ark%2fschema set size:undefined disposed:false
416 silly placeDep ROOT @clack/core@1.4.0 OK for: @clack/prompts@1.5.0 want: 1.4.0
417 silly placeDep ROOT fast-string-width@3.0.2 OK for: @clack/prompts@1.5.0 want: ^3.0.2
418 silly placeDep ROOT fast-wrap-ansi@0.2.2 OK for: @clack/prompts@1.5.0 want: ^0.2.0
419 silly placeDep ROOT sisteransi@1.0.5 OK for: @clack/prompts@1.5.0 want: ^1.0.5
420 silly fetch manifest fast-string-truncated-width@^3.0.2
421 silly packumentCache full:https://registry.npmjs.org/fast-string-truncated-width cache-miss
422 http fetch GET 200 https://registry.npmjs.org/fast-string-truncated-width 90ms (cache miss)
423 silly packumentCache full:https://registry.npmjs.org/fast-string-truncated-width set size:undefined disposed:false
424 silly fetch manifest @prisma/management-api-sdk@^1.55.0
425 silly packumentCache full:https://registry.npmjs.org/@prisma%2fmanagement-api-sdk cache-miss
426 http cache https://registry.npmjs.org/@prisma%2fmanagement-api-sdk 10ms (cache hit)
427 silly packumentCache full:https://registry.npmjs.org/@prisma%2fmanagement-api-sdk set size:225605 disposed:false
428 silly placeDep ROOT @prisma/cli-engine@0.6.1 REPLACE for: @prisma/composer-cli@0.25.0 want: 0.6.1
429 silly placeDep ROOT @prisma/composer@0.25.0 OK for: @prisma/composer-cli@0.25.0 want: 0.25.0
430 silly placeDep ROOT alchemy@2.0.0-beta.78 OK for: @prisma/composer-cli@0.25.0 want: 2.0.0-beta.78
431 silly placeDep ROOT effect@4.0.0-rc.115 OK for: alchemy@2.0.0-beta.78 want: >=4.0.0-rc.115 || >=4.0.0
432 silly placeDep ROOT esbuild@0.28.2 OK for: @prisma/composer-cli@0.25.0 want: ^0.28.1
433 silly fetch manifest @effect/sql-d1@4.0.0-rc.115
434 silly packumentCache full:https://registry.npmjs.org/@effect%2fsql-d1 cache-miss
435 silly fetch manifest @effect/vitest@4.0.0-rc.115
436 silly packumentCache full:https://registry.npmjs.org/@effect%2fvitest cache-miss
437 silly fetch manifest @effect/sql-sqlite-do@4.0.0-rc.115
438 silly packumentCache full:https://registry.npmjs.org/@effect%2fsql-sqlite-do cache-miss
439 silly fetch manifest @standard-schema/spec@^1.1.0
440 silly packumentCache full:https://registry.npmjs.org/@standard-schema%2fspec cache-miss
441 silly fetch manifest fflate@^0.8.3
442 silly packumentCache full:https://registry.npmjs.org/fflate cache-miss
443 silly fetch manifest undici@^7.16.0
444 silly packumentCache full:https://registry.npmjs.org/undici cache-miss
445 silly fetch manifest capnweb@^0.12.0
446 silly packumentCache full:https://registry.npmjs.org/capnweb cache-miss
447 http fetch GET 200 https://registry.npmjs.org/fflate 86ms (cache revalidated)
448 silly packumentCache full:https://registry.npmjs.org/fflate set size:220550 disposed:false
449 silly fetch manifest rolldown@1.2.5
450 silly packumentCache full:https://registry.npmjs.org/rolldown cache-miss
451 http fetch GET 200 https://registry.npmjs.org/undici 101ms (cache revalidated)
452 silly packumentCache full:https://registry.npmjs.org/undici set size:1558776 disposed:false
453 silly fetch manifest aws4fetch@^1.0.20
454 silly packumentCache full:https://registry.npmjs.org/aws4fetch cache-miss
455 http fetch GET 200 https://registry.npmjs.org/@standard-schema%2fspec 218ms (cache miss)
456 silly packumentCache full:https://registry.npmjs.org/@standard-schema%2fspec set size:undefined disposed:false
457 silly fetch manifest @prisma/dev@^0.20.0
458 silly packumentCache full:https://registry.npmjs.org/@prisma%2fdev cache-miss
459 http fetch GET 200 https://registry.npmjs.org/capnweb 231ms (cache miss)
460 silly packumentCache full:https://registry.npmjs.org/capnweb set size:undefined disposed:false
461 silly fetch manifest @octokit/rest@^22.0.1
462 silly packumentCache full:https://registry.npmjs.org/@octokit%2frest cache-miss
463 http fetch GET 200 https://registry.npmjs.org/@effect%2fsql-d1 271ms (cache miss)
464 silly packumentCache full:https://registry.npmjs.org/@effect%2fsql-d1 set size:undefined disposed:false
465 silly fetch manifest @effect/sql-d1@>=4.0.0-rc.115 || >=4.0.0
466 silly packumentCache full:https://registry.npmjs.org/@effect%2fsql-d1 cache-miss
467 http cache https://registry.npmjs.org/@effect%2fsql-d1 47ms (cache hit)
468 silly packumentCache full:https://registry.npmjs.org/@effect%2fsql-d1 set size:858727 disposed:false
469 silly fetch manifest @effect/vitest@>=4.0.0-rc.115 || >=4.0.0
470 silly packumentCache full:https://registry.npmjs.org/@effect%2fvitest cache-miss
471 http fetch GET 200 https://registry.npmjs.org/aws4fetch 278ms (cache miss)
472 silly packumentCache full:https://registry.npmjs.org/aws4fetch set size:undefined disposed:false
473 silly fetch manifest @libsql/client@^0.17.0
474 silly packumentCache full:https://registry.npmjs.org/@libsql%2fclient cache-miss
475 http fetch GET 200 https://registry.npmjs.org/@effect%2fsql-sqlite-do 471ms (cache miss)
476 silly packumentCache full:https://registry.npmjs.org/@effect%2fsql-sqlite-do set size:undefined disposed:false
477 silly fetch manifest @octokit/webhooks@^14.2.0
478 silly packumentCache full:https://registry.npmjs.org/@octokit%2fwebhooks cache-miss
479 http fetch GET 200 https://registry.npmjs.org/@octokit%2frest 430ms (cache miss)
480 silly packumentCache full:https://registry.npmjs.org/@octokit%2frest set size:undefined disposed:false
481 silly fetch manifest @types/aws-lambda@^8.10.152
482 silly packumentCache full:https://registry.npmjs.org/@types%2faws-lambda cache-miss
483 http fetch GET 200 https://registry.npmjs.org/@libsql%2fclient 327ms (cache miss)
484 silly packumentCache full:https://registry.npmjs.org/@libsql%2fclient set size:undefined disposed:false
485 silly fetch manifest @alchemy.run/floci@2.0.0-beta.78
486 silly packumentCache full:https://registry.npmjs.org/@alchemy.run%2ffloci cache-miss
487 http fetch GET 200 https://registry.npmjs.org/rolldown 764ms (cache miss)
488 silly packumentCache full:https://registry.npmjs.org/rolldown set size:undefined disposed:false
489 silly fetch manifest @alchemy.run/sigil@0.0.0-alpha.11
490 silly packumentCache full:https://registry.npmjs.org/@alchemy.run%2fsigil cache-miss
491 http fetch GET 200 https://registry.npmjs.org/@effect%2fvitest 992ms (cache miss)
492 silly packumentCache full:https://registry.npmjs.org/@effect%2fvitest set size:undefined disposed:false
493 silly fetch manifest libsodium-wrappers@^0.8.3
494 silly packumentCache full:https://registry.npmjs.org/libsodium-wrappers cache-miss
495 http fetch GET 200 https://registry.npmjs.org/@effect%2fvitest 605ms (cache miss)
496 silly packumentCache full:https://registry.npmjs.org/@effect%2fvitest set size:undefined disposed:false
497 silly fetch manifest @distilled.cloud/aws@1.0.0-rc.12
498 silly packumentCache full:https://registry.npmjs.org/@distilled.cloud%2faws cache-miss
499 http fetch GET 200 https://registry.npmjs.org/@types%2faws-lambda 382ms (cache miss)
500 silly packumentCache full:https://registry.npmjs.org/@types%2faws-lambda set size:undefined disposed:false
501 silly fetch manifest @distilled.cloud/core@1.0.0-rc.12
502 silly packumentCache full:https://registry.npmjs.org/@distilled.cloud%2fcore cache-miss
503 http fetch GET 200 https://registry.npmjs.org/@prisma%2fdev 943ms (cache miss)
504 silly packumentCache full:https://registry.npmjs.org/@prisma%2fdev set size:undefined disposed:false
505 silly fetch manifest @distilled.cloud/neon@1.0.0-rc.12
506 silly packumentCache full:https://registry.npmjs.org/@distilled.cloud%2fneon cache-miss
507 http fetch GET 200 https://registry.npmjs.org/libsodium-wrappers 273ms (cache miss)
508 silly packumentCache full:https://registry.npmjs.org/libsodium-wrappers set size:undefined disposed:false
509 silly fetch manifest @effect/sql-sqlite-do@>=4.0.0-rc.115 || >=4.0.0
510 silly packumentCache full:https://registry.npmjs.org/@effect%2fsql-sqlite-do cache-miss
511 http fetch GET 200 https://registry.npmjs.org/@octokit%2fwebhooks 809ms (cache miss)
512 silly packumentCache full:https://registry.npmjs.org/@octokit%2fwebhooks set size:undefined disposed:false
513 silly fetch manifest @distilled.cloud/axiom@1.0.0-rc.12
514 silly packumentCache full:https://registry.npmjs.org/@distilled.cloud%2faxiom cache-miss
515 http fetch GET 200 https://registry.npmjs.org/@alchemy.run%2ffloci 551ms (cache miss)
516 silly packumentCache full:https://registry.npmjs.org/@alchemy.run%2ffloci set size:undefined disposed:false
517 silly fetch manifest @alchemy.run/node-utils@2.0.0-beta.78
518 silly packumentCache full:https://registry.npmjs.org/@alchemy.run%2fnode-utils cache-miss
519 http cache https://registry.npmjs.org/@effect%2fsql-sqlite-do 56ms (cache hit)
520 silly packumentCache full:https://registry.npmjs.org/@effect%2fsql-sqlite-do set size:610346 disposed:false
521 silly fetch manifest @distilled.cloud/fly-io@1.0.0-rc.12
522 silly packumentCache full:https://registry.npmjs.org/@distilled.cloud%2ffly-io cache-miss
523 http fetch GET 200 https://registry.npmjs.org/@distilled.cloud%2fcore 238ms (cache miss)
524 silly packumentCache full:https://registry.npmjs.org/@distilled.cloud%2fcore set size:undefined disposed:false
525 silly fetch manifest @distilled.cloud/prisma@1.0.0-rc.12
526 silly packumentCache full:https://registry.npmjs.org/@distilled.cloud%2fprisma cache-miss
527 http fetch GET 200 https://registry.npmjs.org/@distilled.cloud%2faws 356ms (cache miss)
528 silly packumentCache full:https://registry.npmjs.org/@distilled.cloud%2faws set size:undefined disposed:false
529 silly fetch manifest @distilled.cloud/stripe@1.0.0-rc.12
530 silly packumentCache full:https://registry.npmjs.org/@distilled.cloud%2fstripe cache-miss
531 http fetch GET 200 https://registry.npmjs.org/@alchemy.run%2fsigil 478ms (cache miss)
532 silly packumentCache full:https://registry.npmjs.org/@alchemy.run%2fsigil set size:undefined disposed:false
533 silly fetch manifest @distilled.cloud/hetzner@1.0.0-rc.12
534 silly packumentCache full:https://registry.npmjs.org/@distilled.cloud%2fhetzner cache-miss
535 http fetch GET 200 https://registry.npmjs.org/@distilled.cloud%2faxiom 130ms (cache miss)
536 silly packumentCache full:https://registry.npmjs.org/@distilled.cloud%2faxiom set size:undefined disposed:false
537 silly fetch manifest @distilled.cloud/railway@1.0.0-rc.12
538 silly packumentCache full:https://registry.npmjs.org/@distilled.cloud%2frailway cache-miss
539 http fetch GET 200 https://registry.npmjs.org/@distilled.cloud%2ffly-io 128ms (cache miss)
540 silly packumentCache full:https://registry.npmjs.org/@distilled.cloud%2ffly-io set size:undefined disposed:false
541 silly fetch manifest @distilled.cloud/cloudflare@1.0.0-rc.12
542 silly packumentCache full:https://registry.npmjs.org/@distilled.cloud%2fcloudflare cache-miss
543 http fetch GET 200 https://registry.npmjs.org/@distilled.cloud%2fstripe 115ms (cache miss)
544 silly packumentCache full:https://registry.npmjs.org/@distilled.cloud%2fstripe set size:undefined disposed:false
545 silly fetch manifest @distilled.cloud/planetscale@1.0.0-rc.12
546 silly packumentCache full:https://registry.npmjs.org/@distilled.cloud%2fplanetscale cache-miss
547 http fetch GET 200 https://registry.npmjs.org/@distilled.cloud%2frailway 99ms (cache miss)
548 silly packumentCache full:https://registry.npmjs.org/@distilled.cloud%2frailway set size:undefined disposed:false
549 silly fetch manifest @aws-sdk/credential-providers@^3.0.0
550 silly packumentCache full:https://registry.npmjs.org/@aws-sdk%2fcredential-providers cache-miss
551 http fetch GET 200 https://registry.npmjs.org/@distilled.cloud%2fcloudflare 141ms (cache miss)
552 silly packumentCache full:https://registry.npmjs.org/@distilled.cloud%2fcloudflare set size:undefined disposed:false
553 silly fetch manifest @alchemy.run/cloudflare-runtime@2.0.0-beta.78
554 silly packumentCache full:https://registry.npmjs.org/@alchemy.run%2fcloudflare-runtime cache-miss
555 http fetch GET 200 https://registry.npmjs.org/@distilled.cloud%2fplanetscale 132ms (cache miss)
556 silly packumentCache full:https://registry.npmjs.org/@distilled.cloud%2fplanetscale set size:undefined disposed:false
557 silly fetch manifest @esbuild/aix-ppc64@0.28.2
558 silly packumentCache full:https://registry.npmjs.org/@esbuild%2faix-ppc64 cache-miss
559 http fetch GET 200 https://registry.npmjs.org/@distilled.cloud%2fneon 479ms (cache miss)
560 silly packumentCache full:https://registry.npmjs.org/@distilled.cloud%2fneon set size:undefined disposed:false
561 silly fetch manifest @esbuild/linux-arm@0.28.2
562 silly packumentCache full:https://registry.npmjs.org/@esbuild%2flinux-arm cache-miss
563 http fetch GET 200 https://registry.npmjs.org/@esbuild%2faix-ppc64 110ms (cache revalidated)
564 silly packumentCache full:https://registry.npmjs.org/@esbuild%2faix-ppc64 set size:67797 disposed:false
565 silly fetch manifest @esbuild/linux-x64@0.28.2
566 silly packumentCache full:https://registry.npmjs.org/@esbuild%2flinux-x64 cache-miss
567 http fetch GET 200 https://registry.npmjs.org/@alchemy.run%2fcloudflare-runtime 149ms (cache miss)
568 silly packumentCache full:https://registry.npmjs.org/@alchemy.run%2fcloudflare-runtime set size:undefined disposed:false
569 silly fetch manifest @esbuild/sunos-x64@0.28.2
570 silly packumentCache full:https://registry.npmjs.org/@esbuild%2fsunos-x64 cache-miss
571 http fetch GET 200 https://registry.npmjs.org/@alchemy.run%2fnode-utils 503ms (cache miss)
572 silly packumentCache full:https://registry.npmjs.org/@alchemy.run%2fnode-utils set size:undefined disposed:false
573 silly fetch manifest @esbuild/win32-x64@0.28.2
574 silly packumentCache full:https://registry.npmjs.org/@esbuild%2fwin32-x64 cache-miss
575 http fetch GET 200 https://registry.npmjs.org/@distilled.cloud%2fprisma 465ms (cache miss)
576 silly packumentCache full:https://registry.npmjs.org/@distilled.cloud%2fprisma set size:undefined disposed:false
577 silly fetch manifest @esbuild/darwin-x64@0.28.2
578 silly packumentCache full:https://registry.npmjs.org/@esbuild%2fdarwin-x64 cache-miss
579 http fetch GET 200 https://registry.npmjs.org/@esbuild%2flinux-arm 213ms (cache revalidated)
580 silly packumentCache full:https://registry.npmjs.org/@esbuild%2flinux-arm set size:198596 disposed:false
581 silly fetch manifest @esbuild/linux-ia32@0.28.2
582 silly packumentCache full:https://registry.npmjs.org/@esbuild%2flinux-ia32 cache-miss
583 http fetch GET 200 https://registry.npmjs.org/@esbuild%2fdarwin-x64 123ms (cache revalidated)
584 silly packumentCache full:https://registry.npmjs.org/@esbuild%2fdarwin-x64 set size:199670 disposed:false
585 silly fetch manifest @esbuild/netbsd-x64@0.28.2
586 silly packumentCache full:https://registry.npmjs.org/@esbuild%2fnetbsd-x64 cache-miss
587 http fetch GET 200 https://registry.npmjs.org/@esbuild%2fwin32-x64 146ms (cache revalidated)
588 silly packumentCache full:https://registry.npmjs.org/@esbuild%2fwin32-x64 set size:197540 disposed:false
589 silly fetch manifest @esbuild/win32-ia32@0.28.2
590 silly packumentCache full:https://registry.npmjs.org/@esbuild%2fwin32-ia32 cache-miss
591 http fetch GET 200 https://registry.npmjs.org/@esbuild%2flinux-x64 189ms (cache revalidated)
592 silly packumentCache full:https://registry.npmjs.org/@esbuild%2flinux-x64 set size:198942 disposed:false
593 silly fetch manifest @esbuild/android-arm@0.28.2
594 silly packumentCache full:https://registry.npmjs.org/@esbuild%2fandroid-arm cache-miss
595 http fetch GET 200 https://registry.npmjs.org/@distilled.cloud%2fhetzner 576ms (cache miss)
596 silly packumentCache full:https://registry.npmjs.org/@distilled.cloud%2fhetzner set size:undefined disposed:false
597 silly fetch manifest @esbuild/android-x64@0.28.2
598 silly packumentCache full:https://registry.npmjs.org/@esbuild%2fandroid-x64 cache-miss
599 http fetch GET 200 https://registry.npmjs.org/@esbuild%2fsunos-x64 196ms (cache revalidated)
600 silly packumentCache full:https://registry.npmjs.org/@esbuild%2fsunos-x64 set size:199187 disposed:false
601 silly fetch manifest @esbuild/freebsd-x64@0.28.2
602 silly packumentCache full:https://registry.npmjs.org/@esbuild%2ffreebsd-x64 cache-miss
603 http fetch GET 200 https://registry.npmjs.org/@esbuild%2fnetbsd-x64 107ms (cache revalidated)
604 silly packumentCache full:https://registry.npmjs.org/@esbuild%2fnetbsd-x64 set size:197314 disposed:false
605 silly fetch manifest @esbuild/linux-arm64@0.28.2
606 silly packumentCache full:https://registry.npmjs.org/@esbuild%2flinux-arm64 cache-miss
607 http fetch GET 200 https://registry.npmjs.org/@esbuild%2flinux-ia32 130ms (cache revalidated)
608 silly packumentCache full:https://registry.npmjs.org/@esbuild%2flinux-ia32 set size:199625 disposed:false
609 silly fetch manifest @esbuild/linux-ppc64@0.28.2
610 silly packumentCache full:https://registry.npmjs.org/@esbuild%2flinux-ppc64 cache-miss
611 http fetch GET 200 https://registry.npmjs.org/@esbuild%2fwin32-ia32 120ms (cache revalidated)
612 silly packumentCache full:https://registry.npmjs.org/@esbuild%2fwin32-ia32 set size:199854 disposed:false
613 silly fetch manifest @esbuild/linux-s390x@0.28.2
614 silly packumentCache full:https://registry.npmjs.org/@esbuild%2flinux-s390x cache-miss
615 http fetch GET 200 https://registry.npmjs.org/@esbuild%2fandroid-arm 133ms (cache revalidated)
616 silly packumentCache full:https://registry.npmjs.org/@esbuild%2fandroid-arm set size:225217 disposed:false
617 silly fetch manifest @esbuild/openbsd-x64@0.28.2
618 silly packumentCache full:https://registry.npmjs.org/@esbuild%2fopenbsd-x64 cache-miss
619 http fetch GET 200 https://registry.npmjs.org/@esbuild%2fandroid-x64 132ms (cache revalidated)
620 silly packumentCache full:https://registry.npmjs.org/@esbuild%2fandroid-x64 set size:199017 disposed:false
621 silly fetch manifest @esbuild/win32-arm64@0.28.2
622 silly packumentCache full:https://registry.npmjs.org/@esbuild%2fwin32-arm64 cache-miss
623 http fetch GET 200 https://registry.npmjs.org/@esbuild%2ffreebsd-x64 144ms (cache revalidated)
624 silly packumentCache full:https://registry.npmjs.org/@esbuild%2ffreebsd-x64 set size:200565 disposed:false
625 silly fetch manifest @esbuild/darwin-arm64@0.28.2
626 silly packumentCache full:https://registry.npmjs.org/@esbuild%2fdarwin-arm64 cache-miss
627 http fetch GET 200 https://registry.npmjs.org/@esbuild%2flinux-arm64 107ms (cache revalidated)
628 silly packumentCache full:https://registry.npmjs.org/@esbuild%2flinux-arm64 set size:200773 disposed:false
629 silly fetch manifest @esbuild/netbsd-arm64@0.28.2
630 silly packumentCache full:https://registry.npmjs.org/@esbuild%2fnetbsd-arm64 cache-miss
631 http fetch GET 200 https://registry.npmjs.org/@esbuild%2flinux-ppc64 127ms (cache revalidated)
632 silly packumentCache full:https://registry.npmjs.org/@esbuild%2flinux-ppc64 set size:202845 disposed:false
633 silly fetch manifest @esbuild/android-arm64@0.28.2
634 silly packumentCache full:https://registry.npmjs.org/@esbuild%2fandroid-arm64 cache-miss
635 http fetch GET 200 https://registry.npmjs.org/@esbuild%2flinux-s390x 194ms (cache revalidated)
636 silly packumentCache full:https://registry.npmjs.org/@esbuild%2flinux-s390x set size:202310 disposed:false
637 silly fetch manifest @esbuild/freebsd-arm64@0.28.2
638 silly packumentCache full:https://registry.npmjs.org/@esbuild%2ffreebsd-arm64 cache-miss
639 http fetch GET 200 https://registry.npmjs.org/@esbuild%2fwin32-arm64 176ms (cache revalidated)
640 silly packumentCache full:https://registry.npmjs.org/@esbuild%2fwin32-arm64 set size:201005 disposed:false
641 silly fetch manifest @esbuild/linux-loong64@0.28.2
642 silly packumentCache full:https://registry.npmjs.org/@esbuild%2flinux-loong64 cache-miss
643 http fetch GET 200 https://registry.npmjs.org/@esbuild%2fopenbsd-x64 206ms (cache revalidated)
644 silly packumentCache full:https://registry.npmjs.org/@esbuild%2fopenbsd-x64 set size:200576 disposed:false
645 silly fetch manifest @esbuild/linux-riscv64@0.28.2
646 silly packumentCache full:https://registry.npmjs.org/@esbuild%2flinux-riscv64 cache-miss
647 http fetch GET 200 https://registry.npmjs.org/@esbuild%2fdarwin-arm64 180ms (cache revalidated)
648 silly packumentCache full:https://registry.npmjs.org/@esbuild%2fdarwin-arm64 set size:201471 disposed:false
649 silly fetch manifest @esbuild/openbsd-arm64@0.28.2
650 silly packumentCache full:https://registry.npmjs.org/@esbuild%2fopenbsd-arm64 cache-miss
651 http fetch GET 200 https://registry.npmjs.org/@esbuild%2fnetbsd-arm64 165ms (cache revalidated)
652 silly packumentCache full:https://registry.npmjs.org/@esbuild%2fnetbsd-arm64 set size:44308 disposed:false
653 silly fetch manifest @esbuild/linux-mips64el@0.28.2
654 silly packumentCache full:https://registry.npmjs.org/@esbuild%2flinux-mips64el cache-miss
655 http fetch GET 200 https://registry.npmjs.org/@aws-sdk%2fcredential-providers 865ms (cache miss)
656 silly packumentCache full:https://registry.npmjs.org/@aws-sdk%2fcredential-providers set size:undefined disposed:false
657 silly fetch manifest @esbuild/openharmony-arm64@0.28.2
658 silly packumentCache full:https://registry.npmjs.org/@esbuild%2fopenharmony-arm64 cache-miss
659 http fetch GET 200 https://registry.npmjs.org/@esbuild%2fandroid-arm64 260ms (cache revalidated)
660 silly packumentCache full:https://registry.npmjs.org/@esbuild%2fandroid-arm64 set size:204216 disposed:false
661 http fetch GET 200 https://registry.npmjs.org/@esbuild%2ffreebsd-arm64 192ms (cache revalidated)
662 silly packumentCache full:https://registry.npmjs.org/@esbuild%2ffreebsd-arm64 set size:202383 disposed:false
663 http fetch GET 200 https://registry.npmjs.org/@esbuild%2flinux-loong64 183ms (cache revalidated)
664 silly packumentCache full:https://registry.npmjs.org/@esbuild%2flinux-loong64 set size:255749 disposed:false
665 http fetch GET 200 https://registry.npmjs.org/@esbuild%2flinux-mips64el 171ms (cache revalidated)
666 silly packumentCache full:https://registry.npmjs.org/@esbuild%2flinux-mips64el set size:204633 disposed:false
667 http fetch GET 200 https://registry.npmjs.org/@esbuild%2fopenbsd-arm64 197ms (cache revalidated)
668 silly packumentCache full:https://registry.npmjs.org/@esbuild%2fopenbsd-arm64 set size:49642 disposed:false
669 http fetch GET 200 https://registry.npmjs.org/@esbuild%2fopenharmony-arm64 100ms (cache revalidated)
670 silly packumentCache full:https://registry.npmjs.org/@esbuild%2fopenharmony-arm64 set size:33054 disposed:false
671 http fetch GET 200 https://registry.npmjs.org/@esbuild%2flinux-riscv64 232ms (cache revalidated)
672 silly packumentCache full:https://registry.npmjs.org/@esbuild%2flinux-riscv64 set size:202512 disposed:false
673 silly fetch manifest vitest@>=5.0.0 <6.0.0
674 silly packumentCache full:https://registry.npmjs.org/vitest cache-miss
675 http fetch GET 200 https://registry.npmjs.org/vitest 705ms (cache miss)
676 silly packumentCache full:https://registry.npmjs.org/vitest set size:undefined disposed:false
677 silly fetch manifest vite@^6.4.0 || ^7.0.0 || ^8.0.0
678 silly packumentCache full:https://registry.npmjs.org/vite cache-miss
679 http fetch GET 200 https://registry.npmjs.org/vite 14938ms (cache miss)
680 silly packumentCache full:https://registry.npmjs.org/vite set size:undefined disposed:false
681 silly placeDep ROOT @effect/sql-d1@4.0.0-rc.115 OK for: @prisma/composer@0.25.0 want: 4.0.0-rc.115
682 silly placeDep ROOT @effect/sql-sqlite-do@4.0.0-rc.115 OK for: @prisma/composer@0.25.0 want: 4.0.0-rc.115
683 silly placeDep ROOT @effect/vitest@4.0.0-rc.115 OK for: @prisma/composer@0.25.0 want: 4.0.0-rc.115
684 silly placeDep ROOT vitest@5.0.3 OK for: @effect/vitest@4.0.0-rc.115 want: >=5.0.0 <6.0.0
685 silly placeDep ROOT vite@8.3.2 OK for: vitest@5.0.3 want: ^6.4.0 || ^7.0.0 || ^8.0.0
686 silly placeDep ROOT @standard-schema/spec@1.1.0 OK for: @prisma/composer@0.25.0 want: ^1.1.0
687 silly fetch manifest @cloudflare/workers-types@^5.20260905.1
688 silly packumentCache full:https://registry.npmjs.org/@cloudflare%2fworkers-types cache-miss
689 silly fetch manifest chai@^6.2.2
690 silly packumentCache full:https://registry.npmjs.org/chai cache-miss
691 silly fetch manifest obug@^2.1.4
692 silly packumentCache full:https://registry.npmjs.org/obug cache-miss
693 silly fetch manifest std-env@^4.2.0
694 silly packumentCache full:https://registry.npmjs.org/std-env cache-miss
695 silly fetch manifest tinyexec@^1.3.0
696 silly packumentCache full:https://registry.npmjs.org/tinyexec cache-miss
697 silly fetch manifest picomatch@^4.0.7
698 silly packumentCache full:https://registry.npmjs.org/picomatch cache-hit
699 silly fetch manifest tinybench@^6.1.4
700 silly packumentCache full:https://registry.npmjs.org/tinybench cache-miss
701 silly fetch manifest @types/chai@^5.2.2
702 silly packumentCache full:https://registry.npmjs.org/@types%2fchai cache-miss
703 http fetch GET 200 https://registry.npmjs.org/tinyexec 134ms (cache miss)
704 silly packumentCache full:https://registry.npmjs.org/tinyexec set size:undefined disposed:false
705 silly fetch manifest expect-type@^1.4.0
706 silly packumentCache full:https://registry.npmjs.org/expect-type cache-miss
707 http fetch GET 200 https://registry.npmjs.org/std-env 195ms (cache miss)
708 silly packumentCache full:https://registry.npmjs.org/std-env set size:undefined disposed:false
709 silly fetch manifest magic-string@^1.2.3
710 silly packumentCache full:https://registry.npmjs.org/magic-string cache-miss
711 http fetch GET 200 https://registry.npmjs.org/obug 421ms (cache miss)
712 silly packumentCache full:https://registry.npmjs.org/obug set size:undefined disposed:false
713 silly fetch manifest @vitest/mocker@5.0.3
714 silly packumentCache full:https://registry.npmjs.org/@vitest%2fmocker cache-miss
715 http fetch GET 200 https://registry.npmjs.org/chai 585ms (cache miss)
716 silly packumentCache full:https://registry.npmjs.org/chai set size:undefined disposed:false
717 silly fetch manifest es-module-lexer@^2.3.2
718 silly packumentCache full:https://registry.npmjs.org/es-module-lexer cache-miss
719 http fetch GET 200 https://registry.npmjs.org/tinybench 623ms (cache miss)
720 silly packumentCache full:https://registry.npmjs.org/tinybench set size:undefined disposed:false
721 silly fetch manifest why-is-node-running@3.2.1
722 silly packumentCache full:https://registry.npmjs.org/why-is-node-running cache-miss
723 http fetch GET 200 https://registry.npmjs.org/@types%2fchai 634ms (cache miss)
724 silly packumentCache full:https://registry.npmjs.org/@types%2fchai set size:undefined disposed:false
725 silly fetch manifest postcss@^8.5.28
726 silly packumentCache full:https://registry.npmjs.org/postcss cache-miss
727 http fetch GET 200 https://registry.npmjs.org/magic-string 708ms (cache miss)
728 silly packumentCache full:https://registry.npmjs.org/magic-string set size:undefined disposed:false
729 silly fetch manifest rolldown@~1.2.11
730 silly packumentCache full:https://registry.npmjs.org/rolldown cache-miss
731 http cache https://registry.npmjs.org/rolldown 60ms (cache hit)
732 silly packumentCache full:https://registry.npmjs.org/rolldown set size:3841440 disposed:false
733 silly fetch manifest lightningcss@^1.33.0
734 silly packumentCache full:https://registry.npmjs.org/lightningcss cache-miss
735 http fetch GET 200 https://registry.npmjs.org/@cloudflare%2fworkers-types 1162ms (cache miss)
736 silly packumentCache full:https://registry.npmjs.org/@cloudflare%2fworkers-types set size:undefined disposed:false
737 silly fetch manifest fsevents@~2.3.3
738 silly packumentCache full:https://registry.npmjs.org/fsevents cache-miss
739 http fetch GET 200 https://registry.npmjs.org/expect-type 1158ms (cache miss)
740 silly packumentCache full:https://registry.npmjs.org/expect-type set size:undefined disposed:false
741 http fetch GET 200 https://registry.npmjs.org/@vitest%2fmocker 889ms (cache miss)
742 silly packumentCache full:https://registry.npmjs.org/@vitest%2fmocker set size:undefined disposed:false
743 http fetch GET 200 https://registry.npmjs.org/why-is-node-running 840ms (cache miss)
744 silly packumentCache full:https://registry.npmjs.org/why-is-node-running set size:undefined disposed:false
745 http fetch GET 200 https://registry.npmjs.org/postcss 870ms (cache revalidated)
746 silly packumentCache full:https://registry.npmjs.org/postcss set size:766699 disposed:false
747 http fetch GET 200 https://registry.npmjs.org/es-module-lexer 981ms (cache miss)
748 silly packumentCache full:https://registry.npmjs.org/es-module-lexer set size:undefined disposed:false
749 http fetch GET 200 https://registry.npmjs.org/fsevents 315ms (cache revalidated)
750 silly packumentCache full:https://registry.npmjs.org/fsevents set size:182472 disposed:false
751 http fetch GET 200 https://registry.npmjs.org/lightningcss 493ms (cache miss)
752 silly packumentCache full:https://registry.npmjs.org/lightningcss set size:undefined disposed:false
753 silly placeDep ROOT @cloudflare/workers-types@5.20261003.1 OK for: @effect/sql-d1@4.0.0-rc.115 want: ^5.20260905.1
754 silly placeDep ROOT @vercel/nft@1.11.0 OK for: @prisma/compute-sdk@0.43.0 want: ^1.10.2
755 silly placeDep ROOT jiti@2.7.0 OK for: @prisma/compute-sdk@0.43.0 want: ^2.7.0
756 silly placeDep ROOT magicast@0.5.5 OK for: @prisma/compute-sdk@0.43.0 want: ^0.5.3
757 silly placeDep ROOT picomatch@4.0.7 OK for: @prisma/compute-sdk@0.43.0 want: ^4.0.4
758 silly placeDep ROOT tar-stream@3.2.2 OK for: @prisma/compute-sdk@0.43.0 want: ^3.1.8
759 silly placeDep ROOT tiny-invariant@1.3.3 OK for: @prisma/compute-sdk@0.43.0 want: 1.3.3
760 silly placeDep ROOT ws@8.22.0 OK for: @prisma/compute-sdk@0.43.0 want: ^8.20.0
761 silly fetch manifest glob@^13.0.0
762 silly packumentCache full:https://registry.npmjs.org/glob cache-miss
763 silly fetch manifest acorn@^8.6.0
764 silly packumentCache full:https://registry.npmjs.org/acorn cache-miss
765 silly fetch manifest bindings@^1.4.0
766 silly packumentCache full:https://registry.npmjs.org/bindings cache-miss
767 silly fetch manifest async-sema@^3.1.1
768 silly packumentCache full:https://registry.npmjs.org/async-sema cache-miss
769 silly fetch manifest graceful-fs@^4.2.9
770 silly packumentCache full:https://registry.npmjs.org/graceful-fs cache-miss
771 silly fetch manifest resolve-from@^5.0.0
772 silly packumentCache full:https://registry.npmjs.org/resolve-from cache-miss
773 silly fetch manifest estree-walker@2.0.2
774 silly packumentCache full:https://registry.npmjs.org/estree-walker cache-miss
775 http fetch GET 200 https://registry.npmjs.org/estree-walker 127ms (cache revalidated)
776 silly packumentCache full:https://registry.npmjs.org/estree-walker set size:60887 disposed:false
777 silly fetch manifest node-gyp-build@^4.2.2
778 silly packumentCache full:https://registry.npmjs.org/node-gyp-build cache-miss
779 http fetch GET 200 https://registry.npmjs.org/async-sema 149ms (cache revalidated)
780 silly packumentCache full:https://registry.npmjs.org/async-sema set size:46767 disposed:false
781 silly fetch manifest @rollup/pluginutils@^5.1.3
782 silly packumentCache full:https://registry.npmjs.org/@rollup%2fpluginutils cache-miss
783 http fetch GET 200 https://registry.npmjs.org/glob 160ms (cache revalidated)
784 silly packumentCache full:https://registry.npmjs.org/glob set size:469465 disposed:false
785 silly fetch manifest @mapbox/node-pre-gyp@^2.0.0
786 silly packumentCache full:https://registry.npmjs.org/@mapbox%2fnode-pre-gyp cache-miss
787 http fetch GET 200 https://registry.npmjs.org/bindings 180ms (cache revalidated)
788 silly packumentCache full:https://registry.npmjs.org/bindings set size:31303 disposed:false
789 silly fetch manifest acorn-import-attributes@^1.9.5
790 silly packumentCache full:https://registry.npmjs.org/acorn-import-attributes cache-miss
791 http fetch GET 200 https://registry.npmjs.org/acorn 188ms (cache revalidated)
792 silly packumentCache full:https://registry.npmjs.org/acorn set size:383439 disposed:false
793 silly fetch manifest @babel/types@^7.29.7
794 silly packumentCache full:https://registry.npmjs.org/@babel%2ftypes cache-miss
795 http fetch GET 200 https://registry.npmjs.org/graceful-fs 204ms (cache revalidated)
796 silly packumentCache full:https://registry.npmjs.org/graceful-fs set size:124285 disposed:false
797 silly fetch manifest @babel/parser@^7.29.7
798 silly packumentCache full:https://registry.npmjs.org/@babel%2fparser cache-miss
799 http fetch GET 200 https://registry.npmjs.org/resolve-from 210ms (cache revalidated)
800 silly packumentCache full:https://registry.npmjs.org/resolve-from set size:12911 disposed:false
801 silly fetch manifest source-map-js@^1.2.1
802 silly packumentCache full:https://registry.npmjs.org/source-map-js cache-miss
803 http fetch GET 200 https://registry.npmjs.org/node-gyp-build 134ms (cache revalidated)
804 silly packumentCache full:https://registry.npmjs.org/node-gyp-build set size:84545 disposed:false
805 silly fetch manifest b4a@^1.9.0
806 silly packumentCache full:https://registry.npmjs.org/b4a cache-miss
807 http fetch GET 200 https://registry.npmjs.org/@mapbox%2fnode-pre-gyp 289ms (cache revalidated)
808 silly packumentCache full:https://registry.npmjs.org/@mapbox%2fnode-pre-gyp set size:134009 disposed:false
809 silly fetch manifest bare-fs@^4.8.2
810 silly packumentCache full:https://registry.npmjs.org/bare-fs cache-miss
811 http fetch GET 200 https://registry.npmjs.org/acorn-import-attributes 316ms (cache revalidated)
812 silly packumentCache full:https://registry.npmjs.org/acorn-import-attributes set size:16911 disposed:false
813 silly fetch manifest streamx@^2.28.1
814 silly packumentCache full:https://registry.npmjs.org/streamx cache-miss
815 http fetch GET 200 https://registry.npmjs.org/source-map-js 290ms (cache revalidated)
816 silly packumentCache full:https://registry.npmjs.org/source-map-js set size:66688 disposed:false
817 silly fetch manifest fast-fifo@^1.3.2
818 silly packumentCache full:https://registry.npmjs.org/fast-fifo cache-miss
819 http fetch GET 200 https://registry.npmjs.org/@rollup%2fpluginutils 374ms (cache revalidated)
820 silly packumentCache full:https://registry.npmjs.org/@rollup%2fpluginutils set size:121958 disposed:false
821 http fetch GET 200 https://registry.npmjs.org/b4a 244ms (cache miss)
822 silly packumentCache full:https://registry.npmjs.org/b4a set size:undefined disposed:false
823 http fetch GET 200 https://registry.npmjs.org/@babel%2fparser 331ms (cache miss)
824 silly packumentCache full:https://registry.npmjs.org/@babel%2fparser set size:undefined disposed:false
825 http fetch GET 200 https://registry.npmjs.org/streamx 147ms (cache miss)
826 silly packumentCache full:https://registry.npmjs.org/streamx set size:undefined disposed:false
827 http fetch GET 200 https://registry.npmjs.org/fast-fifo 156ms (cache miss)
828 silly packumentCache full:https://registry.npmjs.org/fast-fifo set size:undefined disposed:false
829 http fetch GET 200 https://registry.npmjs.org/@babel%2ftypes 487ms (cache miss)
830 silly packumentCache full:https://registry.npmjs.org/@babel%2ftypes set size:undefined disposed:false
831 http fetch GET 200 https://registry.npmjs.org/bare-fs 294ms (cache miss)
832 silly packumentCache full:https://registry.npmjs.org/bare-fs set size:undefined disposed:false
833 silly placeDep ROOT openapi-fetch@0.14.0 OK for: @prisma/management-api-sdk@1.80.0 want: 0.14.0
834 silly fetch manifest openapi-typescript-helpers@^0.0.15
835 silly packumentCache full:https://registry.npmjs.org/openapi-typescript-helpers cache-miss
836 http fetch GET 200 https://registry.npmjs.org/openapi-typescript-helpers 93ms (cache miss)
837 silly packumentCache full:https://registry.npmjs.org/openapi-typescript-helpers set size:undefined disposed:false
838 silly fetch manifest typescript@>=5.9
839 silly packumentCache full:https://registry.npmjs.org/typescript cache-miss
840 http fetch GET 200 https://registry.npmjs.org/typescript 3107ms (cache miss)
841 silly packumentCache full:https://registry.npmjs.org/typescript set size:undefined disposed:false
842 silly placeDep ROOT @prisma/orm-framework@8.0.0-rc.13 OK for: @prisma/orm-toolchain@8.0.0-rc.13 want: 8.0.0-rc.13
843 silly placeDep ROOT ci-info@4.4.0 OK for: @prisma/orm-toolchain@8.0.0-rc.13 want: ^4.3.1
844 silly placeDep ROOT clipanion@4.0.0-rc.4 OK for: @prisma/orm-toolchain@8.0.0-rc.13 want: 4.0.0-rc.4
845 silly placeDep ROOT closest-match@1.3.3 OK for: @prisma/orm-toolchain@8.0.0-rc.13 want: ^1.3.3
846 silly placeDep ROOT jsonc-parser@3.3.1 OK for: @prisma/orm-toolchain@8.0.0-rc.13 want: ^3.3.1
847 silly placeDep ROOT pathe@2.0.3 OK for: @prisma/orm-toolchain@8.0.0-rc.13 want: ^2.0.3
848 silly placeDep ROOT prettier@3.9.9 OK for: @prisma/orm-toolchain@8.0.0-rc.13 want: ^3.9.6
849 silly placeDep ROOT strip-ansi@7.2.0 OK for: @prisma/orm-toolchain@8.0.0-rc.13 want: ^7.2.0
850 silly placeDep ROOT vscode-languageserver@10.1.0 OK for: @prisma/orm-toolchain@8.0.0-rc.13 want: 10.1.0
851 silly placeDep ROOT vscode-languageserver-textdocument@1.0.12 OK for: @prisma/orm-toolchain@8.0.0-rc.13 want: 1.0.12
852 silly placeDep ROOT wrap-ansi@10.0.2 OK for: @prisma/orm-toolchain@8.0.0-rc.13 want: ^10.0.0
853 silly fetch manifest uniku@^0.5.0
854 silly packumentCache full:https://registry.npmjs.org/uniku cache-miss
855 silly fetch manifest typanion@^3.8.0
856 silly packumentCache full:https://registry.npmjs.org/typanion cache-miss
857 silly fetch manifest ansi-regex@^6.2.2
858 silly packumentCache full:https://registry.npmjs.org/ansi-regex cache-miss
859 silly fetch manifest vscode-languageserver-protocol@3.18.2
860 silly packumentCache full:https://registry.npmjs.org/vscode-languageserver-protocol cache-miss
861 silly fetch manifest ansi-styles@^6.2.3
862 silly packumentCache full:https://registry.npmjs.org/ansi-styles cache-miss
863 http fetch GET 200 https://registry.npmjs.org/ansi-regex 99ms (cache revalidated)
864 silly packumentCache full:https://registry.npmjs.org/ansi-regex set size:50305 disposed:false
865 http fetch GET 200 https://registry.npmjs.org/ansi-styles 109ms (cache revalidated)
866 silly packumentCache full:https://registry.npmjs.org/ansi-styles set size:71772 disposed:false
867 http fetch GET 200 https://registry.npmjs.org/typanion 162ms (cache miss)
868 silly packumentCache full:https://registry.npmjs.org/typanion set size:undefined disposed:false
869 http fetch GET 200 https://registry.npmjs.org/uniku 279ms (cache miss)
870 silly packumentCache full:https://registry.npmjs.org/uniku set size:undefined disposed:false
871 http fetch GET 200 https://registry.npmjs.org/vscode-languageserver-protocol 313ms (cache miss)
872 silly packumentCache full:https://registry.npmjs.org/vscode-languageserver-protocol set size:undefined disposed:false
873 silly placeDep ROOT uniku@0.5.0 OK for: @prisma/orm-framework@8.0.0-rc.13 want: ^0.5.0
874 silly fetch manifest @noble/hashes@^2.2.0
875 silly packumentCache full:https://registry.npmjs.org/@noble%2fhashes cache-miss
876 http fetch GET 200 https://registry.npmjs.org/@noble%2fhashes 167ms (cache miss)
877 silly packumentCache full:https://registry.npmjs.org/@noble%2fhashes set size:undefined disposed:false
878 silly placeDep ROOT @mapbox/node-pre-gyp@2.0.3 OK for: @vercel/nft@1.11.0 want: ^2.0.0
879 silly placeDep ROOT @rollup/pluginutils@5.4.0 OK for: @vercel/nft@1.11.0 want: ^5.1.3
880 silly placeDep ROOT acorn@8.18.0 OK for: @vercel/nft@1.11.0 want: ^8.6.0
881 silly placeDep ROOT acorn-import-attributes@1.9.5 OK for: @vercel/nft@1.11.0 want: ^1.9.5
882 silly placeDep ROOT async-sema@3.1.1 OK for: @vercel/nft@1.11.0 want: ^3.1.1
883 silly placeDep ROOT bindings@1.5.0 OK for: @vercel/nft@1.11.0 want: ^1.4.0
884 silly placeDep ROOT estree-walker@2.0.2 OK for: @vercel/nft@1.11.0 want: 2.0.2
885 silly placeDep ROOT glob@13.0.6 OK for: @vercel/nft@1.11.0 want: ^13.0.0
886 silly placeDep ROOT graceful-fs@4.2.11 OK for: @vercel/nft@1.11.0 want: ^4.2.9
887 silly placeDep ROOT node-gyp-build@4.8.4 OK for: @vercel/nft@1.11.0 want: ^4.2.2
888 silly placeDep ROOT resolve-from@5.0.0 OK for: @vercel/nft@1.11.0 want: ^5.0.0
889 silly fetch manifest tar@^7.4.0
890 silly packumentCache full:https://registry.npmjs.org/tar cache-miss
891 silly fetch manifest nopt@^8.0.0
892 silly packumentCache full:https://registry.npmjs.org/nopt cache-miss
893 silly fetch manifest semver@^7.5.3
894 silly packumentCache full:https://registry.npmjs.org/semver cache-miss
895 silly fetch manifest consola@^3.2.3
896 silly packumentCache full:https://registry.npmjs.org/consola cache-miss
897 silly fetch manifest node-fetch@^2.6.7
898 silly packumentCache full:https://registry.npmjs.org/node-fetch cache-miss
899 silly fetch manifest detect-libc@^2.0.0
900 silly packumentCache full:https://registry.npmjs.org/detect-libc cache-miss
901 silly fetch manifest https-proxy-agent@^7.0.5
902 silly packumentCache full:https://registry.npmjs.org/https-proxy-agent cache-miss
903 http fetch GET 200 https://registry.npmjs.org/consola 107ms (cache revalidated)
904 silly packumentCache full:https://registry.npmjs.org/consola set size:324648 disposed:false
905 silly fetch manifest @types/estree@^1.0.0
906 silly packumentCache full:https://registry.npmjs.org/@types%2festree cache-miss
907 http fetch GET 200 https://registry.npmjs.org/tar 130ms (cache revalidated)
908 silly packumentCache full:https://registry.npmjs.org/tar set size:591769 disposed:false
909 silly fetch manifest estree-walker@^2.0.2
910 silly packumentCache full:https://registry.npmjs.org/estree-walker cache-hit
911 silly fetch manifest file-uri-to-path@1.0.0
912 silly packumentCache full:https://registry.npmjs.org/file-uri-to-path cache-miss
913 http fetch GET 200 https://registry.npmjs.org/node-fetch 152ms (cache revalidated)
914 silly packumentCache full:https://registry.npmjs.org/node-fetch set size:896010 disposed:false
915 silly fetch manifest minimatch@^10.2.2
916 silly packumentCache full:https://registry.npmjs.org/minimatch cache-miss
917 http fetch GET 200 https://registry.npmjs.org/nopt 182ms (cache revalidated)
918 silly packumentCache full:https://registry.npmjs.org/nopt set size:76738 disposed:false
919 silly fetch manifest minipass@^7.1.3
920 silly packumentCache full:https://registry.npmjs.org/minipass cache-miss
921 http fetch GET 200 https://registry.npmjs.org/https-proxy-agent 199ms (cache revalidated)
922 silly packumentCache full:https://registry.npmjs.org/https-proxy-agent set size:83792 disposed:false
923 silly fetch manifest path-scurry@^2.0.2
924 silly packumentCache full:https://registry.npmjs.org/path-scurry cache-miss
925 http fetch GET 200 https://registry.npmjs.org/detect-libc 208ms (cache revalidated)
926 silly packumentCache full:https://registry.npmjs.org/detect-libc set size:47861 disposed:false
927 http fetch GET 200 https://registry.npmjs.org/semver 218ms (cache revalidated)
928 silly packumentCache full:https://registry.npmjs.org/semver set size:246128 disposed:false
929 http fetch GET 200 https://registry.npmjs.org/file-uri-to-path 162ms (cache revalidated)
930 silly packumentCache full:https://registry.npmjs.org/file-uri-to-path set size:10154 disposed:false
931 http fetch GET 200 https://registry.npmjs.org/path-scurry 108ms (cache revalidated)
932 silly packumentCache full:https://registry.npmjs.org/path-scurry set size:117612 disposed:false
933 http fetch GET 200 https://registry.npmjs.org/@types%2festree 202ms (cache revalidated)
934 silly packumentCache full:https://registry.npmjs.org/@types%2festree set size:76072 disposed:false
935 http fetch GET 200 https://registry.npmjs.org/minimatch 153ms (cache revalidated)
936 silly packumentCache full:https://registry.npmjs.org/minimatch set size:377924 disposed:false
937 http fetch GET 200 https://registry.npmjs.org/minipass 161ms (cache revalidated)
938 silly packumentCache full:https://registry.npmjs.org/minipass set size:276925 disposed:false
939 silly placeDep ROOT consola@3.4.2 OK for: @mapbox/node-pre-gyp@2.0.3 want: ^3.2.3
940 silly placeDep ROOT detect-libc@2.1.2 OK for: @mapbox/node-pre-gyp@2.0.3 want: ^2.0.0
941 silly placeDep ROOT https-proxy-agent@7.0.6 OK for: @mapbox/node-pre-gyp@2.0.3 want: ^7.0.5
942 silly placeDep ROOT node-fetch@2.7.0 OK for: @mapbox/node-pre-gyp@2.0.3 want: ^2.6.7
943 silly placeDep ROOT nopt@8.1.0 OK for: @mapbox/node-pre-gyp@2.0.3 want: ^8.0.0
944 silly placeDep ROOT semver@7.8.5 OK for: @mapbox/node-pre-gyp@2.0.3 want: ^7.5.3
945 silly placeDep ROOT tar@7.5.22 OK for: @mapbox/node-pre-gyp@2.0.3 want: ^7.4.0
946 silly fetch manifest debug@4
947 silly packumentCache full:https://registry.npmjs.org/debug cache-miss
948 silly fetch manifest agent-base@^7.1.2
949 silly packumentCache full:https://registry.npmjs.org/agent-base cache-miss
950 silly fetch manifest whatwg-url@^5.0.0
951 silly packumentCache full:https://registry.npmjs.org/whatwg-url cache-miss
952 silly fetch manifest abbrev@^3.0.0
953 silly packumentCache full:https://registry.npmjs.org/abbrev cache-miss
954 silly fetch manifest chownr@^3.0.0
955 silly packumentCache full:https://registry.npmjs.org/chownr cache-miss
956 silly fetch manifest yallist@^5.0.0
957 silly packumentCache full:https://registry.npmjs.org/yallist cache-miss
958 silly fetch manifest minipass@^7.1.2
959 silly packumentCache full:https://registry.npmjs.org/minipass cache-hit
960 silly fetch manifest minizlib@^3.1.0
961 silly packumentCache full:https://registry.npmjs.org/minizlib cache-miss
962 http fetch GET 200 https://registry.npmjs.org/debug 114ms (cache revalidated)
963 silly packumentCache full:https://registry.npmjs.org/debug set size:195840 disposed:false
964 silly fetch manifest @isaacs/fs-minipass@^4.0.0
965 silly packumentCache full:https://registry.npmjs.org/@isaacs%2ffs-minipass cache-miss
966 http fetch GET 200 https://registry.npmjs.org/chownr 130ms (cache revalidated)
967 silly packumentCache full:https://registry.npmjs.org/chownr set size:22157 disposed:false
968 http fetch GET 200 https://registry.npmjs.org/abbrev 135ms (cache revalidated)
969 silly packumentCache full:https://registry.npmjs.org/abbrev set size:24247 disposed:false
970 http fetch GET 200 https://registry.npmjs.org/yallist 137ms (cache revalidated)
971 silly packumentCache full:https://registry.npmjs.org/yallist set size:34610 disposed:false
972 http fetch GET 200 https://registry.npmjs.org/whatwg-url 146ms (cache revalidated)
973 silly packumentCache full:https://registry.npmjs.org/whatwg-url set size:183026 disposed:false
974 http fetch GET 200 https://registry.npmjs.org/minizlib 147ms (cache revalidated)
975 silly packumentCache full:https://registry.npmjs.org/minizlib set size:62862 disposed:false
976 http fetch GET 200 https://registry.npmjs.org/agent-base 164ms (cache revalidated)
977 silly packumentCache full:https://registry.npmjs.org/agent-base set size:72085 disposed:false
978 http fetch GET 200 https://registry.npmjs.org/@isaacs%2ffs-minipass 115ms (cache revalidated)
979 silly packumentCache full:https://registry.npmjs.org/@isaacs%2ffs-minipass set size:7912 disposed:false
980 silly placeDep ROOT @types/estree@1.0.9 OK for: @rollup/pluginutils@5.4.0 want: ^1.0.0
981 silly fetch manifest effect@>=4.0.0-rc.115 || >=4.0.0
982 silly packumentCache full:https://registry.npmjs.org/effect cache-miss
983 http cache https://registry.npmjs.org/effect 54ms (cache hit)
984 silly packumentCache full:https://registry.npmjs.org/effect set size:10384153 disposed:false
985 silly fetch manifest @effect/platform-bun@>=4.0.0-rc.115 || >=4.0.0
986 silly packumentCache full:https://registry.npmjs.org/@effect%2fplatform-bun cache-miss
987 http fetch GET 200 https://registry.npmjs.org/@effect%2fplatform-bun 841ms (cache miss)
988 silly packumentCache full:https://registry.npmjs.org/@effect%2fplatform-bun set size:undefined disposed:false
989 silly fetch manifest @effect/platform-node@>=4.0.0-rc.115 || >=4.0.0
990 silly packumentCache full:https://registry.npmjs.org/@effect%2fplatform-node cache-miss
991 http fetch GET 200 https://registry.npmjs.org/@effect%2fplatform-node 779ms (cache miss)
992 silly packumentCache full:https://registry.npmjs.org/@effect%2fplatform-node set size:undefined disposed:false
993 silly fetch manifest redis@>=5.0.0 <7.0.0
994 silly packumentCache full:https://registry.npmjs.org/redis cache-miss
995 http fetch GET 200 https://registry.npmjs.org/redis 265ms (cache miss)
996 silly packumentCache full:https://registry.npmjs.org/redis set size:undefined disposed:false
997 silly fetch manifest vite@^8.0.7
998 silly packumentCache full:https://registry.npmjs.org/vite cache-miss
999 http cache https://registry.npmjs.org/vite 169ms (cache hit)
1000 silly packumentCache full:https://registry.npmjs.org/vite set size:38955941 disposed:false
1001 silly placeDep ROOT @alchemy.run/cloudflare-runtime@2.0.0-beta.78 OK for: alchemy@2.0.0-beta.78 want: 2.0.0-beta.78
1002 silly placeDep ROOT @distilled.cloud/cloudflare@1.0.0-rc.12 OK for: @alchemy.run/cloudflare-runtime@2.0.0-beta.78 want: 1.0.0-rc.12
1003 silly placeDep ROOT @alchemy.run/floci@2.0.0-beta.78 OK for: alchemy@2.0.0-beta.78 want: 2.0.0-beta.78
1004 silly placeDep ROOT @alchemy.run/node-utils@2.0.0-beta.78 OK for: alchemy@2.0.0-beta.78 want: 2.0.0-beta.78
1005 silly placeDep ROOT @alchemy.run/sigil@0.0.0-alpha.11 OK for: alchemy@2.0.0-beta.78 want: 0.0.0-alpha.11
1006 silly placeDep ROOT @aws-sdk/credential-providers@3.1146.0 OK for: alchemy@2.0.0-beta.78 want: ^3.0.0
1007 silly placeDep ROOT @distilled.cloud/aws@1.0.0-rc.12 OK for: alchemy@2.0.0-beta.78 want: 1.0.0-rc.12
1008 silly placeDep ROOT @distilled.cloud/axiom@1.0.0-rc.12 OK for: alchemy@2.0.0-beta.78 want: 1.0.0-rc.12
1009 silly placeDep ROOT @distilled.cloud/core@1.0.0-rc.12 OK for: alchemy@2.0.0-beta.78 want: 1.0.0-rc.12
1010 silly placeDep ROOT @distilled.cloud/fly-io@1.0.0-rc.12 OK for: alchemy@2.0.0-beta.78 want: 1.0.0-rc.12
1011 silly placeDep ROOT @distilled.cloud/hetzner@1.0.0-rc.12 OK for: alchemy@2.0.0-beta.78 want: 1.0.0-rc.12
1012 silly placeDep ROOT @distilled.cloud/neon@1.0.0-rc.12 OK for: alchemy@2.0.0-beta.78 want: 1.0.0-rc.12
1013 silly placeDep ROOT @distilled.cloud/planetscale@1.0.0-rc.12 OK for: alchemy@2.0.0-beta.78 want: 1.0.0-rc.12
1014 silly placeDep ROOT @distilled.cloud/prisma@1.0.0-rc.12 OK for: alchemy@2.0.0-beta.78 want: 1.0.0-rc.12
1015 silly placeDep ROOT @distilled.cloud/railway@1.0.0-rc.12 OK for: alchemy@2.0.0-beta.78 want: 1.0.0-rc.12
1016 silly placeDep ROOT @distilled.cloud/stripe@1.0.0-rc.12 OK for: alchemy@2.0.0-beta.78 want: 1.0.0-rc.12
1017 silly placeDep ROOT @libsql/client@0.17.4 OK for: alchemy@2.0.0-beta.78 want: ^0.17.0
1018 silly placeDep ROOT @octokit/rest@22.0.1 OK for: alchemy@2.0.0-beta.78 want: ^22.0.1
1019 silly placeDep ROOT @octokit/webhooks@14.2.0 OK for: alchemy@2.0.0-beta.78 want: ^14.2.0
1020 silly placeDep ROOT @prisma/dev@0.20.0 OK for: alchemy@2.0.0-beta.78 want: ^0.20.0
1021 silly placeDep ROOT @types/aws-lambda@8.10.164 OK for: alchemy@2.0.0-beta.78 want: ^8.10.152
1022 silly placeDep ROOT aws4fetch@1.0.20 OK for: alchemy@2.0.0-beta.78 want: ^1.0.20
1023 silly placeDep ROOT capnweb@0.12.0 OK for: alchemy@2.0.0-beta.78 want: ^0.12.0
1024 silly placeDep ROOT fflate@0.8.3 OK for: alchemy@2.0.0-beta.78 want: ^0.8.3
1025 silly placeDep ROOT libsodium-wrappers@0.8.4 OK for: alchemy@2.0.0-beta.78 want: ^0.8.3
1026 silly placeDep ROOT rolldown@1.2.5 OK for: alchemy@2.0.0-beta.78 want: 1.2.5
1027 silly placeDep ROOT undici@7.30.0 OK for: alchemy@2.0.0-beta.78 want: ^7.16.0
1028 silly fetch manifest sharp@^0.35.3
1029 silly packumentCache full:https://registry.npmjs.org/sharp cache-miss
1030 silly fetch manifest unenv@^2.0.0-rc.24
1031 silly packumentCache full:https://registry.npmjs.org/unenv cache-miss
1032 silly fetch manifest yauzl@^3.4.0
1033 silly packumentCache full:https://registry.npmjs.org/yauzl cache-miss
1034 silly fetch manifest workerd@1.20260901.1
1035 silly packumentCache full:https://registry.npmjs.org/workerd cache-miss
1036 silly fetch manifest capnp-es@^0.0.16
1037 silly packumentCache full:https://registry.npmjs.org/capnp-es cache-miss
1038 silly fetch manifest magic-string@^0.30.21
1039 silly packumentCache full:https://registry.npmjs.org/magic-string cache-miss
1040 silly fetch manifest @puppeteer/browsers@^3.2.0
1041 silly packumentCache full:https://registry.npmjs.org/@puppeteer%2fbrowsers cache-miss
1042 http cache https://registry.npmjs.org/magic-string 29ms (cache hit)
1043 silly packumentCache full:https://registry.npmjs.org/magic-string set size:368756 disposed:false
1044 silly fetch manifest @cloudflare/unenv-preset@^2.16.1
1045 silly packumentCache full:https://registry.npmjs.org/@cloudflare%2funenv-preset cache-miss
1046 http fetch GET 200 https://registry.npmjs.org/capnp-es 118ms (cache miss)
1047 silly packumentCache full:https://registry.npmjs.org/capnp-es set size:undefined disposed:false
1048 silly fetch manifest react@^19.3.0
1049 silly packumentCache full:https://registry.npmjs.org/react cache-miss
1050 http fetch GET 200 https://registry.npmjs.org/@puppeteer%2fbrowsers 248ms (cache miss)
1051 silly packumentCache full:https://registry.npmjs.org/@puppeteer%2fbrowsers set size:undefined disposed:false
1052 silly fetch manifest scheduler@^0.28.0
1053 silly packumentCache full:https://registry.npmjs.org/scheduler cache-miss
1054 http fetch GET 200 https://registry.npmjs.org/yauzl 401ms (cache miss)
1055 silly packumentCache full:https://registry.npmjs.org/yauzl set size:undefined disposed:false
1056 silly fetch manifest react-reconciler@^0.34.0
1057 silly packumentCache full:https://registry.npmjs.org/react-reconciler cache-miss
1058 http fetch GET 200 https://registry.npmjs.org/sharp 444ms (cache miss)
1059 silly packumentCache full:https://registry.npmjs.org/sharp set size:undefined disposed:false
1060 silly fetch manifest tslib@^2.6.2
1061 silly packumentCache full:https://registry.npmjs.org/tslib cache-miss
1062 http fetch GET 200 https://registry.npmjs.org/react 539ms (cache revalidated)
1063 silly packumentCache full:https://registry.npmjs.org/react set size:7016423 disposed:false
1064 silly fetch manifest @smithy/core@^3.35.0
1065 silly packumentCache full:https://registry.npmjs.org/@smithy%2fcore cache-miss
1066 http fetch GET 200 https://registry.npmjs.org/unenv 882ms (cache miss)
1067 silly packumentCache full:https://registry.npmjs.org/unenv set size:undefined disposed:false
1068 silly fetch manifest @aws-sdk/core@^3.978.1
1069 silly packumentCache full:https://registry.npmjs.org/@aws-sdk%2fcore cache-miss
1070 http fetch GET 200 https://registry.npmjs.org/tslib 416ms (cache revalidated)
1071 silly packumentCache full:https://registry.npmjs.org/tslib set size:108843 disposed:false
1072 silly fetch manifest @smithy/types@^4.19.0
1073 silly packumentCache full:https://registry.npmjs.org/@smithy%2ftypes cache-miss
1074 http fetch GET 200 https://registry.npmjs.org/scheduler 659ms (cache revalidated)
1075 silly packumentCache full:https://registry.npmjs.org/scheduler set size:5792098 disposed:false
1076 silly fetch manifest @aws-sdk/types@^3.974.6
1077 silly packumentCache full:https://registry.npmjs.org/@aws-sdk%2ftypes cache-miss
1078 http fetch GET 200 https://registry.npmjs.org/workerd 1112ms (cache miss)
1079 silly packumentCache full:https://registry.npmjs.org/workerd set size:undefined disposed:false
1080 silly fetch manifest @aws-sdk/nested-clients@^3.997.46
1081 silly packumentCache full:https://registry.npmjs.org/@aws-sdk%2fnested-clients cache-miss
1082 http fetch GET 200 https://registry.npmjs.org/@smithy%2fcore 398ms (cache miss)
1083 silly packumentCache full:https://registry.npmjs.org/@smithy%2fcore set size:undefined disposed:false
1084 silly fetch manifest @aws-sdk/credential-provider-env@^3.972.72
1085 silly packumentCache full:https://registry.npmjs.org/@aws-sdk%2fcredential-provider-env cache-miss
1086 http fetch GET 200 https://registry.npmjs.org/@cloudflare%2funenv-preset 1292ms (cache miss)
1087 silly packumentCache full:https://registry.npmjs.org/@cloudflare%2funenv-preset set size:undefined disposed:false
1088 silly fetch manifest @aws-sdk/credential-provider-ini@^3.973.17
1089 silly packumentCache full:https://registry.npmjs.org/@aws-sdk%2fcredential-provider-ini cache-miss
1090 http fetch GET 200 https://registry.npmjs.org/@smithy%2ftypes 561ms (cache miss)
1091 silly packumentCache full:https://registry.npmjs.org/@smithy%2ftypes set size:undefined disposed:false
1092 silly fetch manifest @aws-sdk/credential-provider-sso@^3.973.16
1093 silly packumentCache full:https://registry.npmjs.org/@aws-sdk%2fcredential-provider-sso cache-miss
1094 http fetch GET 200 https://registry.npmjs.org/@aws-sdk%2ftypes 523ms (cache miss)
1095 silly packumentCache full:https://registry.npmjs.org/@aws-sdk%2ftypes set size:undefined disposed:false
1096 silly fetch manifest @smithy/credential-provider-imds@^4.5.2
1097 silly packumentCache full:https://registry.npmjs.org/@smithy%2fcredential-provider-imds cache-miss
1098 http fetch GET 200 https://registry.npmjs.org/@aws-sdk%2fcore 761ms (cache miss)
1099 silly packumentCache full:https://registry.npmjs.org/@aws-sdk%2fcore set size:undefined disposed:false
1100 silly fetch manifest @aws-sdk/credential-provider-http@^3.972.74
1101 silly packumentCache full:https://registry.npmjs.org/@aws-sdk%2fcredential-provider-http cache-miss
1102 http fetch GET 200 https://registry.npmjs.org/@aws-sdk%2fcredential-provider-env 688ms (cache miss)
1103 silly packumentCache full:https://registry.npmjs.org/@aws-sdk%2fcredential-provider-env set size:undefined disposed:false
1104 silly fetch manifest @aws-sdk/credential-provider-node@^3.972.84
1105 silly packumentCache full:https://registry.npmjs.org/@aws-sdk%2fcredential-provider-node cache-miss
1106 http fetch GET 200 https://registry.npmjs.org/@aws-sdk%2fnested-clients 1147ms (cache miss)
1107 silly packumentCache full:https://registry.npmjs.org/@aws-sdk%2fnested-clients set size:undefined disposed:false
1108 silly fetch manifest @aws-sdk/credential-provider-login@^3.972.79
1109 silly packumentCache full:https://registry.npmjs.org/@aws-sdk%2fcredential-provider-login cache-miss
1110 http fetch GET 200 https://registry.npmjs.org/@smithy%2fcredential-provider-imds 770ms (cache miss)
1111 silly packumentCache full:https://registry.npmjs.org/@smithy%2fcredential-provider-imds set size:undefined disposed:false
1112 silly fetch manifest @aws-sdk/credential-provider-process@^3.972.72
1113 silly packumentCache full:https://registry.npmjs.org/@aws-sdk%2fcredential-provider-process cache-miss
1114 http fetch GET 200 https://registry.npmjs.org/@aws-sdk%2fcredential-provider-sso 1151ms (cache miss)
1115 silly packumentCache full:https://registry.npmjs.org/@aws-sdk%2fcredential-provider-sso set size:undefined disposed:false
1116 silly fetch manifest @aws-sdk/credential-provider-web-identity@^3.972.78
1117 silly packumentCache full:https://registry.npmjs.org/@aws-sdk%2fcredential-provider-web-identity cache-miss
1118 http fetch GET 200 https://registry.npmjs.org/@aws-sdk%2fcredential-provider-http 1277ms (cache miss)
1119 silly packumentCache full:https://registry.npmjs.org/@aws-sdk%2fcredential-provider-http set size:undefined disposed:false
1120 silly fetch manifest @aws-sdk/credential-provider-cognito-identity@^3.972.71
1121 silly packumentCache full:https://registry.npmjs.org/@aws-sdk%2fcredential-provider-cognito-identity cache-miss
1122 http fetch GET 200 https://registry.npmjs.org/@aws-sdk%2fcredential-provider-login 632ms (cache miss)
1123 silly packumentCache full:https://registry.npmjs.org/@aws-sdk%2fcredential-provider-login set size:undefined disposed:false
1124 silly fetch manifest @smithy/types@^4.17.2
1125 silly packumentCache full:https://registry.npmjs.org/@smithy%2ftypes cache-miss
1126 http cache https://registry.npmjs.org/@smithy%2ftypes 19ms (cache hit)
1127 silly packumentCache full:https://registry.npmjs.org/@smithy%2ftypes set size:219866 disposed:false
1128 silly fetch manifest @aws-sdk/types@^3.974.3
1129 silly packumentCache full:https://registry.npmjs.org/@aws-sdk%2ftypes cache-miss
1130 http cache https://registry.npmjs.org/@aws-sdk%2ftypes 11ms (cache hit)
1131 silly packumentCache full:https://registry.npmjs.org/@aws-sdk%2ftypes set size:554443 disposed:false
1132 silly fetch manifest fast-xml-parser@^5.10.1
1133 silly packumentCache full:https://registry.npmjs.org/fast-xml-parser cache-miss
1134 http fetch GET 200 https://registry.npmjs.org/@aws-sdk%2fcredential-provider-process 849ms (cache miss)
1135 silly packumentCache full:https://registry.npmjs.org/@aws-sdk%2fcredential-provider-process set size:undefined disposed:false
1136 silly fetch manifest @smithy/util-base64@^4.6.0
1137 silly packumentCache full:https://registry.npmjs.org/@smithy%2futil-base64 cache-miss
1138 http fetch GET 200 https://registry.npmjs.org/@aws-sdk%2fcredential-provider-node 1331ms (cache miss)
1139 silly packumentCache full:https://registry.npmjs.org/@aws-sdk%2fcredential-provider-node set size:undefined disposed:false
1140 silly fetch manifest @smithy/shared-ini-file-loader@^4.7.0
1141 silly packumentCache full:https://registry.npmjs.org/@smithy%2fshared-ini-file-loader cache-miss
1142 http fetch GET 200 https://registry.npmjs.org/@aws-sdk%2fcredential-provider-web-identity 839ms (cache miss)
1143 silly packumentCache full:https://registry.npmjs.org/@aws-sdk%2fcredential-provider-web-identity set size:undefined disposed:false
1144 silly fetch manifest graphql@16.11.0
1145 silly packumentCache full:https://registry.npmjs.org/graphql cache-miss
1146 http fetch GET 200 https://registry.npmjs.org/@smithy%2futil-base64 246ms (cache miss)
1147 silly packumentCache full:https://registry.npmjs.org/@smithy%2futil-base64 set size:undefined disposed:false
1148 silly fetch manifest libsql@^0.5.28
1149 silly packumentCache full:https://registry.npmjs.org/libsql cache-miss
1150 http fetch GET 200 https://registry.npmjs.org/fast-xml-parser 515ms (cache miss)
1151 silly packumentCache full:https://registry.npmjs.org/fast-xml-parser set size:undefined disposed:false
1152 silly fetch manifest js-base64@^3.7.5
1153 silly packumentCache full:https://registry.npmjs.org/js-base64 cache-miss
1154 http fetch GET 200 https://registry.npmjs.org/@aws-sdk%2fcredential-provider-ini 2181ms (cache miss)
1155 silly packumentCache full:https://registry.npmjs.org/@aws-sdk%2fcredential-provider-ini set size:undefined disposed:false
1156 silly fetch manifest @libsql/core@^0.17.4
1157 silly packumentCache full:https://registry.npmjs.org/@libsql%2fcore cache-miss
1158 http fetch GET 200 https://registry.npmjs.org/@smithy%2fshared-ini-file-loader 199ms (cache miss)
1159 silly packumentCache full:https://registry.npmjs.org/@smithy%2fshared-ini-file-loader set size:undefined disposed:false
1160 silly fetch manifest promise-limit@^2.7.0
1161 silly packumentCache full:https://registry.npmjs.org/promise-limit cache-miss
1162 http fetch GET 200 https://registry.npmjs.org/libsql 166ms (cache miss)
1163 silly packumentCache full:https://registry.npmjs.org/libsql set size:undefined disposed:false
1164 silly fetch manifest @libsql/hrana-client@^0.10.0
1165 silly packumentCache full:https://registry.npmjs.org/@libsql%2fhrana-client cache-miss
1166 http fetch GET 200 https://registry.npmjs.org/js-base64 471ms (cache miss)
1167 silly packumentCache full:https://registry.npmjs.org/js-base64 set size:undefined disposed:false
1168 silly fetch manifest @octokit/core@^7.0.6
1169 silly packumentCache full:https://registry.npmjs.org/@octokit%2fcore cache-miss
1170 http fetch GET 200 https://registry.npmjs.org/promise-limit 549ms (cache miss)
1171 silly packumentCache full:https://registry.npmjs.org/promise-limit set size:undefined disposed:false
1172 silly fetch manifest @octokit/plugin-request-log@^6.0.0
1173 silly packumentCache full:https://registry.npmjs.org/@octokit%2fplugin-request-log cache-miss
1174 http fetch GET 200 https://registry.npmjs.org/graphql 707ms (cache miss)
1175 silly packumentCache full:https://registry.npmjs.org/graphql set size:undefined disposed:false
1176 silly fetch manifest @octokit/plugin-paginate-rest@^14.0.0
1177 silly packumentCache full:https://registry.npmjs.org/@octokit%2fplugin-paginate-rest cache-miss
1178 http fetch GET 200 https://registry.npmjs.org/@libsql%2fcore 681ms (cache miss)
1179 silly packumentCache full:https://registry.npmjs.org/@libsql%2fcore set size:undefined disposed:false
1180 silly fetch manifest @octokit/plugin-rest-endpoint-methods@^17.0.0
1181 silly packumentCache full:https://registry.npmjs.org/@octokit%2fplugin-rest-endpoint-methods cache-miss
1182 http fetch GET 200 https://registry.npmjs.org/@libsql%2fhrana-client 687ms (cache miss)
1183 silly packumentCache full:https://registry.npmjs.org/@libsql%2fhrana-client set size:undefined disposed:false
1184 silly fetch manifest @octokit/request-error@^7.0.0
1185 silly packumentCache full:https://registry.npmjs.org/@octokit%2frequest-error cache-miss
1186 http fetch GET 200 https://registry.npmjs.org/@octokit%2fcore 511ms (cache miss)
1187 silly packumentCache full:https://registry.npmjs.org/@octokit%2fcore set size:undefined disposed:false
1188 silly fetch manifest @octokit/webhooks-methods@^6.0.0
1189 silly packumentCache full:https://registry.npmjs.org/@octokit%2fwebhooks-methods cache-miss
1190 http fetch GET 200 https://registry.npmjs.org/@octokit%2fplugin-request-log 415ms (cache miss)
1191 silly packumentCache full:https://registry.npmjs.org/@octokit%2fplugin-request-log set size:undefined disposed:false
1192 silly fetch manifest @octokit/openapi-webhooks-types@12.1.0
1193 silly packumentCache full:https://registry.npmjs.org/@octokit%2fopenapi-webhooks-types cache-miss
1194 http fetch GET 200 https://registry.npmjs.org/@aws-sdk%2fcredential-provider-cognito-identity 1776ms (cache miss)
1195 silly packumentCache full:https://registry.npmjs.org/@aws-sdk%2fcredential-provider-cognito-identity set size:undefined disposed:false
1196 silly fetch manifest hono@4.11.4
1197 silly packumentCache full:https://registry.npmjs.org/hono cache-miss
1198 http fetch GET 200 https://registry.npmjs.org/@octokit%2fplugin-paginate-rest 554ms (cache miss)
1199 silly packumentCache full:https://registry.npmjs.org/@octokit%2fplugin-paginate-rest set size:undefined disposed:false
1200 silly fetch manifest remeda@2.33.4
1201 silly packumentCache full:https://registry.npmjs.org/remeda cache-miss
1202 http fetch GET 200 https://registry.npmjs.org/@octokit%2frequest-error 427ms (cache miss)
1203 silly packumentCache full:https://registry.npmjs.org/@octokit%2frequest-error set size:undefined disposed:false
1204 silly fetch manifest std-env@3.10.0
1205 silly packumentCache full:https://registry.npmjs.org/std-env cache-miss
1206 http cache https://registry.npmjs.org/std-env 12ms (cache hit)
1207 silly packumentCache full:https://registry.npmjs.org/std-env set size:92527 disposed:false
1208 silly fetch manifest valibot@1.2.0
1209 silly packumentCache full:https://registry.npmjs.org/valibot cache-miss
1210 http fetch GET 200 https://registry.npmjs.org/@octokit%2fwebhooks-methods 257ms (cache miss)
1211 silly packumentCache full:https://registry.npmjs.org/@octokit%2fwebhooks-methods set size:undefined disposed:false
1212 silly fetch manifest zeptomatch@2.1.0
1213 silly packumentCache full:https://registry.npmjs.org/zeptomatch cache-miss
1214 http fetch GET 200 https://registry.npmjs.org/@octokit%2fopenapi-webhooks-types 252ms (cache miss)
1215 silly packumentCache full:https://registry.npmjs.org/@octokit%2fopenapi-webhooks-types set size:undefined disposed:false
1216 silly fetch manifest get-port-please@3.2.0
1217 silly packumentCache full:https://registry.npmjs.org/get-port-please cache-miss
1218 http fetch GET 200 https://registry.npmjs.org/hono 193ms (cache revalidated)
1219 silly packumentCache full:https://registry.npmjs.org/hono set size:6269603 disposed:false
1220 silly fetch manifest proper-lockfile@4.1.2
1221 silly packumentCache full:https://registry.npmjs.org/proper-lockfile cache-miss
1222 http fetch GET 200 https://registry.npmjs.org/zeptomatch 338ms (cache miss)
1223 silly packumentCache full:https://registry.npmjs.org/zeptomatch set size:undefined disposed:false
1224 silly fetch manifest foreground-child@3.3.1
1225 silly packumentCache full:https://registry.npmjs.org/foreground-child cache-miss
1226 http fetch GET 200 https://registry.npmjs.org/get-port-please 325ms (cache miss)
1227 silly packumentCache full:https://registry.npmjs.org/get-port-please set size:undefined disposed:false
1228 silly fetch manifest @hono/node-server@1.19.9
1229 silly packumentCache full:https://registry.npmjs.org/@hono%2fnode-server cache-miss
1230 http fetch GET 200 https://registry.npmjs.org/valibot 370ms (cache miss)
1231 silly packumentCache full:https://registry.npmjs.org/valibot set size:undefined disposed:false
1232 silly fetch manifest http-status-codes@2.3.0
1233 silly packumentCache full:https://registry.npmjs.org/http-status-codes cache-miss
1234 http fetch GET 200 https://registry.npmjs.org/remeda 526ms (cache miss)
1235 silly packumentCache full:https://registry.npmjs.org/remeda set size:undefined disposed:false
1236 silly fetch manifest @mrleebo/prisma-ast@0.13.1
1237 silly packumentCache full:https://registry.npmjs.org/@mrleebo%2fprisma-ast cache-miss
1238 http fetch GET 200 https://registry.npmjs.org/@octokit%2fplugin-rest-endpoint-methods 1104ms (cache miss)
1239 silly packumentCache full:https://registry.npmjs.org/@octokit%2fplugin-rest-endpoint-methods set size:undefined disposed:false
1240 silly fetch manifest @electric-sql/pglite@0.3.15
1241 silly packumentCache full:https://registry.npmjs.org/@electric-sql%2fpglite cache-miss
1242 http fetch GET 200 https://registry.npmjs.org/foreground-child 290ms (cache miss)
1243 silly packumentCache full:https://registry.npmjs.org/foreground-child set size:undefined disposed:false
1244 silly fetch manifest @prisma/get-platform@7.2.0
1245 silly packumentCache full:https://registry.npmjs.org/@prisma%2fget-platform cache-miss
1246 http fetch GET 200 https://registry.npmjs.org/proper-lockfile 338ms (cache miss)
1247 silly packumentCache full:https://registry.npmjs.org/proper-lockfile set size:undefined disposed:false
1248 silly fetch manifest @electric-sql/pglite-tools@0.2.20
1249 silly packumentCache full:https://registry.npmjs.org/@electric-sql%2fpglite-tools cache-miss
1250 http fetch GET 200 https://registry.npmjs.org/@hono%2fnode-server 315ms (cache revalidated)
1251 silly packumentCache full:https://registry.npmjs.org/@hono%2fnode-server set size:291998 disposed:false
1252 silly fetch manifest @electric-sql/pglite-socket@0.0.20
1253 silly packumentCache full:https://registry.npmjs.org/@electric-sql%2fpglite-socket cache-miss
1254 http fetch GET 200 https://registry.npmjs.org/http-status-codes 316ms (cache miss)
1255 silly packumentCache full:https://registry.npmjs.org/http-status-codes set size:undefined disposed:false
1256 silly fetch manifest @prisma/query-plan-executor@7.2.0
1257 silly packumentCache full:https://registry.npmjs.org/@prisma%2fquery-plan-executor cache-miss
1258 http fetch GET 200 https://registry.npmjs.org/@mrleebo%2fprisma-ast 217ms (cache miss)
1259 silly packumentCache full:https://registry.npmjs.org/@mrleebo%2fprisma-ast set size:undefined disposed:false
1260 silly fetch manifest libsodium@^0.8.0
1261 silly packumentCache full:https://registry.npmjs.org/libsodium cache-miss
1262 http fetch GET 200 https://registry.npmjs.org/@electric-sql%2fpglite-tools 156ms (cache miss)
1263 silly packumentCache full:https://registry.npmjs.org/@electric-sql%2fpglite-tools set size:undefined disposed:false
1264 silly fetch manifest @oxc-project/types@=0.146.0
1265 silly packumentCache full:https://registry.npmjs.org/@oxc-project%2ftypes cache-miss
1266 http fetch GET 200 https://registry.npmjs.org/@electric-sql%2fpglite-socket 172ms (cache miss)
1267 silly packumentCache full:https://registry.npmjs.org/@electric-sql%2fpglite-socket set size:undefined disposed:false
1268 silly fetch manifest @rolldown/pluginutils@^1.0.0
1269 silly packumentCache full:https://registry.npmjs.org/@rolldown%2fpluginutils cache-miss
1270 http fetch GET 200 https://registry.npmjs.org/@electric-sql%2fpglite 283ms (cache miss)
1271 silly packumentCache full:https://registry.npmjs.org/@electric-sql%2fpglite set size:undefined disposed:false
1272 silly fetch manifest @rolldown/binding-darwin-x64@1.2.5
1273 silly packumentCache full:https://registry.npmjs.org/@rolldown%2fbinding-darwin-x64 cache-miss
1274 http fetch GET 200 https://registry.npmjs.org/@prisma%2fquery-plan-executor 826ms (cache miss)
1275 silly packumentCache full:https://registry.npmjs.org/@prisma%2fquery-plan-executor set size:undefined disposed:false
1276 silly fetch manifest @rolldown/binding-freebsd-x64@1.2.5
1277 silly packumentCache full:https://registry.npmjs.org/@rolldown%2fbinding-freebsd-x64 cache-miss
1278 http fetch GET 200 https://registry.npmjs.org/libsodium 834ms (cache miss)
1279 silly packumentCache full:https://registry.npmjs.org/libsodium set size:undefined disposed:false
1280 silly fetch manifest @rolldown/binding-darwin-arm64@1.2.5
1281 silly packumentCache full:https://registry.npmjs.org/@rolldown%2fbinding-darwin-arm64 cache-miss
1282 http fetch GET 200 https://registry.npmjs.org/@rolldown%2fpluginutils 902ms (cache miss)
1283 silly packumentCache full:https://registry.npmjs.org/@rolldown%2fpluginutils set size:undefined disposed:false
1284 silly fetch manifest @rolldown/binding-android-arm64@1.2.5
1285 silly packumentCache full:https://registry.npmjs.org/@rolldown%2fbinding-android-arm64 cache-miss
1286 http fetch GET 200 https://registry.npmjs.org/@oxc-project%2ftypes 974ms (cache miss)
1287 silly packumentCache full:https://registry.npmjs.org/@oxc-project%2ftypes set size:undefined disposed:false
1288 silly fetch manifest @rolldown/binding-linux-x64-gnu@1.2.5
1289 silly packumentCache full:https://registry.npmjs.org/@rolldown%2fbinding-linux-x64-gnu cache-miss
1290 http fetch GET 200 https://registry.npmjs.org/@prisma%2fget-platform 1378ms (cache revalidated)
1291 silly packumentCache full:https://registry.npmjs.org/@prisma%2fget-platform set size:28618612 disposed:false
1292 silly fetch manifest @rolldown/binding-linux-x64-musl@1.2.5
1293 silly packumentCache full:https://registry.npmjs.org/@rolldown%2fbinding-linux-x64-musl cache-miss
1294 http fetch GET 200 https://registry.npmjs.org/@rolldown%2fbinding-android-arm64 1115ms (cache miss)
1295 silly packumentCache full:https://registry.npmjs.org/@rolldown%2fbinding-android-arm64 set size:undefined disposed:false
1296 silly fetch manifest @rolldown/binding-win32-x64-msvc@1.2.5
1297 silly packumentCache full:https://registry.npmjs.org/@rolldown%2fbinding-win32-x64-msvc cache-miss
1298 http fetch GET 200 https://registry.npmjs.org/@rolldown%2fbinding-linux-x64-gnu 1224ms (cache miss)
1299 silly packumentCache full:https://registry.npmjs.org/@rolldown%2fbinding-linux-x64-gnu set size:undefined disposed:false
1300 silly fetch manifest @rolldown/binding-linux-arm64-gnu@1.2.5
1301 silly packumentCache full:https://registry.npmjs.org/@rolldown%2fbinding-linux-arm64-gnu cache-miss
1302 http fetch GET 200 https://registry.npmjs.org/@rolldown%2fbinding-freebsd-x64 1911ms (cache miss)
1303 silly packumentCache full:https://registry.npmjs.org/@rolldown%2fbinding-freebsd-x64 set size:undefined disposed:false
1304 silly fetch manifest @rolldown/binding-linux-ppc64-gnu@1.2.5
1305 silly packumentCache full:https://registry.npmjs.org/@rolldown%2fbinding-linux-ppc64-gnu cache-miss
1306 http fetch GET 200 https://registry.npmjs.org/@rolldown%2fbinding-linux-arm64-gnu 1568ms (cache miss)
1307 silly packumentCache full:https://registry.npmjs.org/@rolldown%2fbinding-linux-arm64-gnu set size:undefined disposed:false
1308 silly fetch manifest @rolldown/binding-linux-s390x-gnu@1.2.5
1309 silly packumentCache full:https://registry.npmjs.org/@rolldown%2fbinding-linux-s390x-gnu cache-miss
1310 http fetch GET 200 https://registry.npmjs.org/@rolldown%2fbinding-linux-ppc64-gnu 1252ms (cache miss)
1311 silly packumentCache full:https://registry.npmjs.org/@rolldown%2fbinding-linux-ppc64-gnu set size:undefined disposed:false
1312 silly fetch manifest @rolldown/binding-android-arm-eabi@1.2.5
1313 silly packumentCache full:https://registry.npmjs.org/@rolldown%2fbinding-android-arm-eabi cache-miss
1314 http fetch GET 200 https://registry.npmjs.org/@rolldown%2fbinding-darwin-x64 3951ms (cache miss)
1315 silly packumentCache full:https://registry.npmjs.org/@rolldown%2fbinding-darwin-x64 set size:undefined disposed:false
1316 silly fetch manifest @rolldown/binding-linux-arm64-musl@1.2.5
1317 silly packumentCache full:https://registry.npmjs.org/@rolldown%2fbinding-linux-arm64-musl cache-miss
1318 http fetch GET 200 https://registry.npmjs.org/@rolldown%2fbinding-linux-x64-musl 2590ms (cache miss)
1319 silly packumentCache full:https://registry.npmjs.org/@rolldown%2fbinding-linux-x64-musl set size:undefined disposed:false
1320 silly fetch manifest @rolldown/binding-win32-arm64-msvc@1.2.5
1321 silly packumentCache full:https://registry.npmjs.org/@rolldown%2fbinding-win32-arm64-msvc cache-miss
1322 http fetch GET 200 https://registry.npmjs.org/@rolldown%2fbinding-linux-s390x-gnu 811ms (cache miss)
1323 silly packumentCache full:https://registry.npmjs.org/@rolldown%2fbinding-linux-s390x-gnu set size:undefined disposed:false
1324 silly fetch manifest @rolldown/binding-openharmony-arm64@1.2.5
1325 silly packumentCache full:https://registry.npmjs.org/@rolldown%2fbinding-openharmony-arm64 cache-miss
1326 http fetch GET 200 https://registry.npmjs.org/@rolldown%2fbinding-android-arm-eabi 715ms (cache miss)
1327 silly packumentCache full:https://registry.npmjs.org/@rolldown%2fbinding-android-arm-eabi set size:undefined disposed:false
1328 silly fetch manifest @rolldown/binding-linux-arm-gnueabihf@1.2.5
1329 silly packumentCache full:https://registry.npmjs.org/@rolldown%2fbinding-linux-arm-gnueabihf cache-miss
1330 http fetch GET 200 https://registry.npmjs.org/@rolldown%2fbinding-darwin-arm64 4204ms (cache miss)
1331 silly packumentCache full:https://registry.npmjs.org/@rolldown%2fbinding-darwin-arm64 set size:undefined disposed:false
1332 http fetch GET 200 https://registry.npmjs.org/@rolldown%2fbinding-openharmony-arm64 451ms (cache miss)
1333 silly packumentCache full:https://registry.npmjs.org/@rolldown%2fbinding-openharmony-arm64 set size:undefined disposed:false
1334 http fetch GET 200 https://registry.npmjs.org/@rolldown%2fbinding-linux-arm64-musl 1083ms (cache miss)
1335 silly packumentCache full:https://registry.npmjs.org/@rolldown%2fbinding-linux-arm64-musl set size:undefined disposed:false
1336 http fetch GET 200 https://registry.npmjs.org/@rolldown%2fbinding-linux-arm-gnueabihf 739ms (cache miss)
1337 silly packumentCache full:https://registry.npmjs.org/@rolldown%2fbinding-linux-arm-gnueabihf set size:undefined disposed:false
1338 http fetch GET 200 https://registry.npmjs.org/@rolldown%2fbinding-win32-arm64-msvc 983ms (cache miss)
1339 silly packumentCache full:https://registry.npmjs.org/@rolldown%2fbinding-win32-arm64-msvc set size:undefined disposed:false
1340 http fetch GET 200 https://registry.npmjs.org/@rolldown%2fbinding-win32-x64-msvc 3674ms (cache miss)
1341 silly packumentCache full:https://registry.npmjs.org/@rolldown%2fbinding-win32-x64-msvc set size:undefined disposed:false
1342 http fetch GET 200 https://registry.npmjs.org/react-reconciler 13969ms (cache miss)
1343 silly packumentCache full:https://registry.npmjs.org/react-reconciler set size:undefined disposed:false
1344 silly placeDep ROOT @cloudflare/unenv-preset@2.16.2 OK for: @alchemy.run/cloudflare-runtime@2.0.0-beta.78 want: ^2.16.1
1345 silly placeDep ROOT unenv@2.0.0-rc.24 OK for: @cloudflare/unenv-preset@2.16.2 want: 2.0.0-rc.24
1346 silly placeDep ROOT @puppeteer/browsers@3.2.3 OK for: @alchemy.run/cloudflare-runtime@2.0.0-beta.78 want: ^3.2.0
1347 silly placeDep ROOT capnp-es@0.0.16 OK for: @alchemy.run/cloudflare-runtime@2.0.0-beta.78 want: ^0.0.16
1348 silly placeDep ROOT magic-string@0.30.21 OK for: @alchemy.run/cloudflare-runtime@2.0.0-beta.78 want: ^0.30.21
1349 silly placeDep ROOT sharp@0.35.5 OK for: @alchemy.run/cloudflare-runtime@2.0.0-beta.78 want: ^0.35.3
1350 silly placeDep ROOT workerd@1.20260901.1 OK for: @alchemy.run/cloudflare-runtime@2.0.0-beta.78 want: 1.20260901.1
1351 silly placeDep ROOT yauzl@3.4.0 OK for: @alchemy.run/cloudflare-runtime@2.0.0-beta.78 want: ^3.4.0
1352 silly fetch manifest yargs@^18.0.0
1353 silly packumentCache full:https://registry.npmjs.org/yargs cache-miss
1354 silly fetch manifest modern-tar@^0.8.4
1355 silly packumentCache full:https://registry.npmjs.org/modern-tar cache-miss
1356 silly fetch manifest @jridgewell/sourcemap-codec@^1.5.5
1357 silly packumentCache full:https://registry.npmjs.org/@jridgewell%2fsourcemap-codec cache-miss
1358 silly fetch manifest @img/colour@^1.1.0
1359 silly packumentCache full:https://registry.npmjs.org/@img%2fcolour cache-miss
1360 silly fetch manifest @img/sharp-linux-arm@0.35.5
1361 silly packumentCache full:https://registry.npmjs.org/@img%2fsharp-linux-arm cache-miss
1362 silly fetch manifest @img/sharp-linux-x64@0.35.5
1363 silly packumentCache full:https://registry.npmjs.org/@img%2fsharp-linux-x64 cache-miss
1364 silly fetch manifest @img/sharp-win32-x64@0.35.5
1365 silly packumentCache full:https://registry.npmjs.org/@img%2fsharp-win32-x64 cache-miss
1366 http fetch GET 200 https://registry.npmjs.org/@img%2fcolour 87ms (cache miss)
1367 silly packumentCache full:https://registry.npmjs.org/@img%2fcolour set size:undefined disposed:false
1368 silly fetch manifest @img/sharp-darwin-x64@0.35.5
1369 silly packumentCache full:https://registry.npmjs.org/@img%2fsharp-darwin-x64 cache-miss
1370 http fetch GET 200 https://registry.npmjs.org/yargs 101ms (cache revalidated)
1371 silly packumentCache full:https://registry.npmjs.org/yargs set size:763370 disposed:false
1372 silly fetch manifest @img/sharp-win32-ia32@0.35.5
1373 silly packumentCache full:https://registry.npmjs.org/@img%2fsharp-win32-ia32 cache-miss
1374 http fetch GET 200 https://registry.npmjs.org/@jridgewell%2fsourcemap-codec 196ms (cache miss)
1375 silly packumentCache full:https://registry.npmjs.org/@jridgewell%2fsourcemap-codec set size:undefined disposed:false
1376 silly fetch manifest @img/sharp-linux-arm64@0.35.5
1377 silly packumentCache full:https://registry.npmjs.org/@img%2fsharp-linux-arm64 cache-miss
1378 http fetch GET 200 https://registry.npmjs.org/@img%2fsharp-linux-x64 203ms (cache miss)
1379 silly packumentCache full:https://registry.npmjs.org/@img%2fsharp-linux-x64 set size:undefined disposed:false
1380 silly fetch manifest @img/sharp-linux-ppc64@0.35.5
1381 silly packumentCache full:https://registry.npmjs.org/@img%2fsharp-linux-ppc64 cache-miss
1382 http fetch GET 200 https://registry.npmjs.org/@img%2fsharp-win32-x64 212ms (cache miss)
1383 silly packumentCache full:https://registry.npmjs.org/@img%2fsharp-win32-x64 set size:undefined disposed:false
1384 silly fetch manifest @img/sharp-linux-s390x@0.35.5
1385 silly packumentCache full:https://registry.npmjs.org/@img%2fsharp-linux-s390x cache-miss
1386 http fetch GET 200 https://registry.npmjs.org/@img%2fsharp-win32-ia32 131ms (cache miss)
1387 silly packumentCache full:https://registry.npmjs.org/@img%2fsharp-win32-ia32 set size:undefined disposed:false
1388 silly fetch manifest @img/sharp-win32-arm64@0.35.5
1389 silly packumentCache full:https://registry.npmjs.org/@img%2fsharp-win32-arm64 cache-miss
1390 http fetch GET 200 https://registry.npmjs.org/@img%2fsharp-darwin-x64 202ms (cache miss)
1391 silly packumentCache full:https://registry.npmjs.org/@img%2fsharp-darwin-x64 set size:undefined disposed:false
1392 silly fetch manifest @img/sharp-darwin-arm64@0.35.5
1393 silly packumentCache full:https://registry.npmjs.org/@img%2fsharp-darwin-arm64 cache-miss
1394 http fetch GET 200 https://registry.npmjs.org/@img%2fsharp-linux-arm64 138ms (cache miss)
1395 silly packumentCache full:https://registry.npmjs.org/@img%2fsharp-linux-arm64 set size:undefined disposed:false
1396 silly fetch manifest @img/sharp-linux-riscv64@0.35.5
1397 silly packumentCache full:https://registry.npmjs.org/@img%2fsharp-linux-riscv64 cache-miss
1398 http fetch GET 200 https://registry.npmjs.org/@img%2fsharp-linux-ppc64 156ms (cache miss)
1399 silly packumentCache full:https://registry.npmjs.org/@img%2fsharp-linux-ppc64 set size:undefined disposed:false
1400 silly fetch manifest @img/sharp-linuxmusl-x64@0.35.5
1401 silly packumentCache full:https://registry.npmjs.org/@img%2fsharp-linuxmusl-x64 cache-miss
1402 http fetch GET 200 https://registry.npmjs.org/@img%2fsharp-linux-s390x 176ms (cache miss)
1403 silly packumentCache full:https://registry.npmjs.org/@img%2fsharp-linux-s390x set size:undefined disposed:false
1404 silly fetch manifest @img/sharp-freebsd-wasm32@0.35.5
1405 silly packumentCache full:https://registry.npmjs.org/@img%2fsharp-freebsd-wasm32 cache-miss
1406 http fetch GET 200 https://registry.npmjs.org/@img%2fsharp-win32-arm64 152ms (cache miss)
1407 silly packumentCache full:https://registry.npmjs.org/@img%2fsharp-win32-arm64 set size:undefined disposed:false
1408 silly fetch manifest @img/sharp-linuxmusl-arm64@0.35.5
1409 silly packumentCache full:https://registry.npmjs.org/@img%2fsharp-linuxmusl-arm64 cache-miss
1410 http fetch GET 200 https://registry.npmjs.org/@img%2fsharp-linux-arm 463ms (cache miss)
1411 silly packumentCache full:https://registry.npmjs.org/@img%2fsharp-linux-arm set size:undefined disposed:false
1412 silly fetch manifest @img/sharp-libvips-linux-arm@1.3.4
1413 silly packumentCache full:https://registry.npmjs.org/@img%2fsharp-libvips-linux-arm cache-miss
1414 http fetch GET 200 https://registry.npmjs.org/modern-tar 498ms (cache miss)
1415 silly packumentCache full:https://registry.npmjs.org/modern-tar set size:undefined disposed:false
1416 silly fetch manifest @img/sharp-libvips-linux-x64@1.3.4
1417 silly packumentCache full:https://registry.npmjs.org/@img%2fsharp-libvips-linux-x64 cache-miss
1418 http fetch GET 200 https://registry.npmjs.org/@img%2fsharp-linux-riscv64 162ms (cache miss)
1419 silly packumentCache full:https://registry.npmjs.org/@img%2fsharp-linux-riscv64 set size:undefined disposed:false
1420 silly fetch manifest @img/sharp-libvips-darwin-x64@1.3.4
1421 silly packumentCache full:https://registry.npmjs.org/@img%2fsharp-libvips-darwin-x64 cache-miss
1422 http fetch GET 200 https://registry.npmjs.org/@img%2fsharp-darwin-arm64 211ms (cache miss)
1423 silly packumentCache full:https://registry.npmjs.org/@img%2fsharp-darwin-arm64 set size:undefined disposed:false
1424 silly fetch manifest @img/sharp-libvips-linux-arm64@1.3.4
1425 silly packumentCache full:https://registry.npmjs.org/@img%2fsharp-libvips-linux-arm64 cache-miss
1426 http fetch GET 200 https://registry.npmjs.org/@img%2fsharp-freebsd-wasm32 137ms (cache miss)
1427 silly packumentCache full:https://registry.npmjs.org/@img%2fsharp-freebsd-wasm32 set size:undefined disposed:false
1428 silly fetch manifest @img/sharp-libvips-linux-ppc64@1.3.4
1429 silly packumentCache full:https://registry.npmjs.org/@img%2fsharp-libvips-linux-ppc64 cache-miss
1430 http fetch GET 200 https://registry.npmjs.org/@img%2fsharp-linuxmusl-arm64 116ms (cache miss)
1431 silly packumentCache full:https://registry.npmjs.org/@img%2fsharp-linuxmusl-arm64 set size:undefined disposed:false
1432 silly fetch manifest @img/sharp-libvips-linux-s390x@1.3.4
1433 silly packumentCache full:https://registry.npmjs.org/@img%2fsharp-libvips-linux-s390x cache-miss
1434 http fetch GET 200 https://registry.npmjs.org/@img%2fsharp-linuxmusl-x64 185ms (cache miss)
1435 silly packumentCache full:https://registry.npmjs.org/@img%2fsharp-linuxmusl-x64 set size:undefined disposed:false
1436 silly fetch manifest @img/sharp-libvips-darwin-arm64@1.3.4
1437 silly packumentCache full:https://registry.npmjs.org/@img%2fsharp-libvips-darwin-arm64 cache-miss
1438 http fetch GET 200 https://registry.npmjs.org/@img%2fsharp-libvips-linux-x64 98ms (cache miss)
1439 silly packumentCache full:https://registry.npmjs.org/@img%2fsharp-libvips-linux-x64 set size:undefined disposed:false
1440 silly fetch manifest @img/sharp-webcontainers-wasm32@0.35.5
1441 silly packumentCache full:https://registry.npmjs.org/@img%2fsharp-webcontainers-wasm32 cache-miss
1442 http fetch GET 200 https://registry.npmjs.org/@img%2fsharp-libvips-linux-ppc64 121ms (cache miss)
1443 silly packumentCache full:https://registry.npmjs.org/@img%2fsharp-libvips-linux-ppc64 set size:undefined disposed:false
1444 silly fetch manifest @img/sharp-libvips-linux-riscv64@1.3.4
1445 silly packumentCache full:https://registry.npmjs.org/@img%2fsharp-libvips-linux-riscv64 cache-miss
1446 http fetch GET 200 https://registry.npmjs.org/@img%2fsharp-libvips-darwin-x64 188ms (cache miss)
1447 silly packumentCache full:https://registry.npmjs.org/@img%2fsharp-libvips-darwin-x64 set size:undefined disposed:false
1448 silly fetch manifest @img/sharp-libvips-linuxmusl-x64@1.3.4
1449 silly packumentCache full:https://registry.npmjs.org/@img%2fsharp-libvips-linuxmusl-x64 cache-miss
1450 http fetch GET 200 https://registry.npmjs.org/@img%2fsharp-webcontainers-wasm32 185ms (cache miss)
1451 silly packumentCache full:https://registry.npmjs.org/@img%2fsharp-webcontainers-wasm32 set size:undefined disposed:false
1452 silly fetch manifest @img/sharp-libvips-linuxmusl-arm64@1.3.4
1453 silly packumentCache full:https://registry.npmjs.org/@img%2fsharp-libvips-linuxmusl-arm64 cache-miss
1454 http fetch GET 200 https://registry.npmjs.org/@img%2fsharp-libvips-linux-s390x 242ms (cache miss)
1455 silly packumentCache full:https://registry.npmjs.org/@img%2fsharp-libvips-linux-s390x set size:undefined disposed:false
1456 silly fetch manifest @cloudflare/workerd-linux-64@1.20260901.1
1457 silly packumentCache full:https://registry.npmjs.org/@cloudflare%2fworkerd-linux-64 cache-miss
1458 http fetch GET 200 https://registry.npmjs.org/@img%2fsharp-libvips-linux-arm 342ms (cache miss)
1459 silly packumentCache full:https://registry.npmjs.org/@img%2fsharp-libvips-linux-arm set size:undefined disposed:false
1460 silly fetch manifest @cloudflare/workerd-darwin-64@1.20260901.1
1461 silly packumentCache full:https://registry.npmjs.org/@cloudflare%2fworkerd-darwin-64 cache-miss
1462 http fetch GET 200 https://registry.npmjs.org/@img%2fsharp-libvips-linux-arm64 302ms (cache miss)
1463 silly packumentCache full:https://registry.npmjs.org/@img%2fsharp-libvips-linux-arm64 set size:undefined disposed:false
1464 silly fetch manifest @cloudflare/workerd-windows-64@1.20260901.1
1465 silly packumentCache full:https://registry.npmjs.org/@cloudflare%2fworkerd-windows-64 cache-miss
1466 http fetch GET 200 https://registry.npmjs.org/@img%2fsharp-libvips-darwin-arm64 268ms (cache miss)
1467 silly packumentCache full:https://registry.npmjs.org/@img%2fsharp-libvips-darwin-arm64 set size:undefined disposed:false
1468 silly fetch manifest @cloudflare/workerd-linux-arm64@1.20260901.1
1469 silly packumentCache full:https://registry.npmjs.org/@cloudflare%2fworkerd-linux-arm64 cache-miss
1470 http fetch GET 200 https://registry.npmjs.org/@img%2fsharp-libvips-linux-riscv64 167ms (cache miss)
1471 silly packumentCache full:https://registry.npmjs.org/@img%2fsharp-libvips-linux-riscv64 set size:undefined disposed:false
1472 silly fetch manifest @cloudflare/workerd-darwin-arm64@1.20260901.1
1473 silly packumentCache full:https://registry.npmjs.org/@cloudflare%2fworkerd-darwin-arm64 cache-miss
1474 http fetch GET 200 https://registry.npmjs.org/@img%2fsharp-libvips-linuxmusl-x64 150ms (cache miss)
1475 silly packumentCache full:https://registry.npmjs.org/@img%2fsharp-libvips-linuxmusl-x64 set size:undefined disposed:false
1476 silly fetch manifest pend@~1.2.0
1477 silly packumentCache full:https://registry.npmjs.org/pend cache-miss
1478 http fetch GET 200 https://registry.npmjs.org/pend 118ms (cache miss)
1479 silly packumentCache full:https://registry.npmjs.org/pend set size:undefined disposed:false
1480 http fetch GET 200 https://registry.npmjs.org/@img%2fsharp-libvips-linuxmusl-arm64 200ms (cache miss)
1481 silly packumentCache full:https://registry.npmjs.org/@img%2fsharp-libvips-linuxmusl-arm64 set size:undefined disposed:false
1482 http fetch GET 200 https://registry.npmjs.org/@cloudflare%2fworkerd-darwin-arm64 545ms (cache miss)
1483 silly packumentCache full:https://registry.npmjs.org/@cloudflare%2fworkerd-darwin-arm64 set size:undefined disposed:false
1484 http fetch GET 200 https://registry.npmjs.org/@cloudflare%2fworkerd-darwin-64 926ms (cache miss)
1485 silly packumentCache full:https://registry.npmjs.org/@cloudflare%2fworkerd-darwin-64 set size:undefined disposed:false
1486 http fetch GET 200 https://registry.npmjs.org/@cloudflare%2fworkerd-linux-64 1006ms (cache miss)
1487 silly packumentCache full:https://registry.npmjs.org/@cloudflare%2fworkerd-linux-64 set size:undefined disposed:false
1488 http fetch GET 200 https://registry.npmjs.org/@cloudflare%2fworkerd-linux-arm64 1292ms (cache miss)
1489 silly packumentCache full:https://registry.npmjs.org/@cloudflare%2fworkerd-linux-arm64 set size:undefined disposed:false
1490 http fetch GET 200 https://registry.npmjs.org/@cloudflare%2fworkerd-windows-64 2125ms (cache miss)
1491 silly packumentCache full:https://registry.npmjs.org/@cloudflare%2fworkerd-windows-64 set size:undefined disposed:false
1492 silly placeDep ROOT chokidar@5.0.0 OK for: @alchemy.run/node-utils@2.0.0-beta.78 want: ^5.0.0
1493 silly fetch manifest readdirp@^5.0.0
1494 silly packumentCache full:https://registry.npmjs.org/readdirp cache-miss
1495 http fetch GET 200 https://registry.npmjs.org/readdirp 71ms (cache revalidated)
1496 silly packumentCache full:https://registry.npmjs.org/readdirp set size:110119 disposed:false
1497 silly placeDep ROOT react@19.3.0 OK for: @alchemy.run/sigil@0.0.0-alpha.11 want: ^19.3.0
1498 silly placeDep ROOT react-reconciler@0.34.0 OK for: @alchemy.run/sigil@0.0.0-alpha.11 want: ^0.34.0
1499 silly placeDep ROOT scheduler@0.28.0 OK for: @alchemy.run/sigil@0.0.0-alpha.11 want: ^0.28.0
1500 silly placeDep ROOT @aws-sdk/core@3.978.1 OK for: @aws-sdk/credential-providers@3.1146.0 want: ^3.978.1
1501 silly placeDep ROOT @aws-sdk/credential-provider-cognito-identity@3.972.71 OK for: @aws-sdk/credential-providers@3.1146.0 want: ^3.972.71
1502 silly placeDep ROOT @aws-sdk/credential-provider-env@3.972.72 OK for: @aws-sdk/credential-providers@3.1146.0 want: ^3.972.72
1503 silly placeDep ROOT @aws-sdk/credential-provider-http@3.972.74 OK for: @aws-sdk/credential-providers@3.1146.0 want: ^3.972.74
1504 silly placeDep ROOT @aws-sdk/credential-provider-ini@3.973.17 OK for: @aws-sdk/credential-providers@3.1146.0 want: ^3.973.17
1505 silly placeDep ROOT @aws-sdk/credential-provider-login@3.972.79 OK for: @aws-sdk/credential-providers@3.1146.0 want: ^3.972.79
1506 silly placeDep ROOT @aws-sdk/credential-provider-node@3.972.84 OK for: @aws-sdk/credential-providers@3.1146.0 want: ^3.972.84
1507 silly placeDep ROOT @aws-sdk/credential-provider-process@3.972.72 OK for: @aws-sdk/credential-providers@3.1146.0 want: ^3.972.72
1508 silly placeDep ROOT @aws-sdk/credential-provider-sso@3.973.16 OK for: @aws-sdk/credential-providers@3.1146.0 want: ^3.973.16
1509 silly placeDep ROOT @aws-sdk/credential-provider-web-identity@3.972.78 OK for: @aws-sdk/credential-providers@3.1146.0 want: ^3.972.78
1510 silly placeDep ROOT @aws-sdk/nested-clients@3.997.46 OK for: @aws-sdk/credential-providers@3.1146.0 want: ^3.997.46
1511 silly placeDep ROOT @aws-sdk/types@3.974.6 OK for: @aws-sdk/credential-providers@3.1146.0 want: ^3.974.6
1512 silly placeDep ROOT @smithy/core@3.35.1 OK for: @aws-sdk/credential-providers@3.1146.0 want: ^3.35.0
1513 silly placeDep ROOT @smithy/credential-provider-imds@4.5.2 OK for: @aws-sdk/credential-providers@3.1146.0 want: ^4.5.2
1514 silly placeDep ROOT @smithy/types@4.19.0 OK for: @aws-sdk/credential-providers@3.1146.0 want: ^4.19.0
1515 silly placeDep ROOT tslib@2.8.1 OK for: @aws-sdk/credential-providers@3.1146.0 want: ^2.6.2
1516 silly fetch manifest bowser@^2.11.0
1517 silly packumentCache full:https://registry.npmjs.org/bowser cache-miss
1518 silly fetch manifest @aws-sdk/xml-builder@^3.972.41
1519 silly packumentCache full:https://registry.npmjs.org/@aws-sdk%2fxml-builder cache-miss
1520 silly fetch manifest @smithy/signature-v4@^5.7.3
1521 silly packumentCache full:https://registry.npmjs.org/@smithy%2fsignature-v4 cache-miss
1522 silly fetch manifest @aws/lambda-invoke-store@^0.3.0
1523 silly packumentCache full:https://registry.npmjs.org/@aws%2flambda-invoke-store cache-miss
1524 silly fetch manifest @smithy/node-http-handler@^4.12.1
1525 silly packumentCache full:https://registry.npmjs.org/@smithy%2fnode-http-handler cache-miss
1526 silly fetch manifest @smithy/fetch-http-handler@^5.8.0
1527 silly packumentCache full:https://registry.npmjs.org/@smithy%2ffetch-http-handler cache-miss
1528 silly fetch manifest @aws-sdk/token-providers@3.1138.0
1529 silly packumentCache full:https://registry.npmjs.org/@aws-sdk%2ftoken-providers cache-miss
1530 http fetch GET 200 https://registry.npmjs.org/bowser 165ms (cache miss)
1531 silly packumentCache full:https://registry.npmjs.org/bowser set size:undefined disposed:false
1532 silly fetch manifest @smithy/node-http-handler@^4.12.1
1533 silly packumentCache full:https://registry.npmjs.org/@smithy%2fnode-http-handler cache-miss
1534 http fetch GET 200 https://registry.npmjs.org/@aws%2flambda-invoke-store 204ms (cache miss)
1535 silly packumentCache full:https://registry.npmjs.org/@aws%2flambda-invoke-store set size:undefined disposed:false
1536 silly fetch manifest @smithy/fetch-http-handler@^5.8.0
1537 silly packumentCache full:https://registry.npmjs.org/@smithy%2ffetch-http-handler cache-miss
1538 http fetch GET 200 https://registry.npmjs.org/@aws-sdk%2fxml-builder 316ms (cache miss)
1539 silly packumentCache full:https://registry.npmjs.org/@aws-sdk%2fxml-builder set size:undefined disposed:false
1540 silly fetch manifest @aws-sdk/signature-v4-multi-region@^3.996.47
1541 silly packumentCache full:https://registry.npmjs.org/@aws-sdk%2fsignature-v4-multi-region cache-miss
1542 http fetch GET 200 https://registry.npmjs.org/@smithy%2fsignature-v4 482ms (cache miss)
1543 silly packumentCache full:https://registry.npmjs.org/@smithy%2fsignature-v4 set size:undefined disposed:false
1544 http fetch GET 200 https://registry.npmjs.org/@smithy%2ffetch-http-handler 487ms (cache miss)
1545 silly packumentCache full:https://registry.npmjs.org/@smithy%2ffetch-http-handler set size:undefined disposed:false
1546 http fetch GET 200 https://registry.npmjs.org/@smithy%2fnode-http-handler 613ms (cache miss)
1547 silly packumentCache full:https://registry.npmjs.org/@smithy%2fnode-http-handler set size:undefined disposed:false
1548 http fetch GET 200 https://registry.npmjs.org/@smithy%2ffetch-http-handler 619ms (cache miss)
1549 silly packumentCache full:https://registry.npmjs.org/@smithy%2ffetch-http-handler set size:undefined disposed:false
1550 http fetch GET 200 https://registry.npmjs.org/@smithy%2fnode-http-handler 910ms (cache miss)
1551 silly packumentCache full:https://registry.npmjs.org/@smithy%2fnode-http-handler set size:undefined disposed:false
1552 http fetch GET 200 https://registry.npmjs.org/@aws-sdk%2fsignature-v4-multi-region 593ms (cache miss)
1553 silly packumentCache full:https://registry.npmjs.org/@aws-sdk%2fsignature-v4-multi-region set size:undefined disposed:false
1554 http fetch GET 200 https://registry.npmjs.org/@aws-sdk%2ftoken-providers 1148ms (cache miss)
1555 silly packumentCache full:https://registry.npmjs.org/@aws-sdk%2ftoken-providers set size:undefined disposed:false
1556 silly placeDep ROOT @aws-sdk/xml-builder@3.972.41 OK for: @aws-sdk/core@3.978.1 want: ^3.972.41
1557 silly placeDep ROOT @aws/lambda-invoke-store@0.3.0 OK for: @aws-sdk/core@3.978.1 want: ^0.3.0
1558 silly placeDep ROOT @smithy/signature-v4@5.7.4 OK for: @aws-sdk/core@3.978.1 want: ^5.7.3
1559 silly placeDep ROOT bowser@2.14.1 OK for: @aws-sdk/core@3.978.1 want: ^2.11.0
1560 silly placeDep ROOT @smithy/fetch-http-handler@5.8.0 OK for: @aws-sdk/credential-provider-http@3.972.74 want: ^5.8.0
1561 silly placeDep ROOT @smithy/node-http-handler@4.12.1 OK for: @aws-sdk/credential-provider-http@3.972.74 want: ^4.12.1
1562 silly placeDep ROOT @aws-sdk/token-providers@3.1138.0 OK for: @aws-sdk/credential-provider-sso@3.973.16 want: 3.1138.0
1563 silly placeDep ROOT @aws-sdk/signature-v4-multi-region@3.996.47 OK for: @aws-sdk/nested-clients@3.997.46 want: ^3.996.47
1564 silly placeDep ROOT @smithy/shared-ini-file-loader@4.7.2 OK for: @distilled.cloud/aws@1.0.0-rc.12 want: ^4.7.0
1565 silly placeDep ROOT @smithy/util-base64@4.6.2 OK for: @distilled.cloud/aws@1.0.0-rc.12 want: ^4.6.0
1566 silly placeDep ROOT fast-xml-parser@5.11.2 OK for: @distilled.cloud/aws@1.0.0-rc.12 want: ^5.10.1
1567 silly fetch manifest strnum@^2.4.2
1568 silly packumentCache full:https://registry.npmjs.org/strnum cache-miss
1569 silly fetch manifest is-unsafe@^2.0.0
1570 silly packumentCache full:https://registry.npmjs.org/is-unsafe cache-miss
1571 silly fetch manifest xml-naming@^0.3.0
1572 silly packumentCache full:https://registry.npmjs.org/xml-naming cache-miss
1573 silly fetch manifest fast-xml-builder@^1.2.0
1574 silly packumentCache full:https://registry.npmjs.org/fast-xml-builder cache-miss
1575 silly fetch manifest @nodable/entities@^3.0.1
1576 silly packumentCache full:https://registry.npmjs.org/@nodable%2fentities cache-miss
1577 silly fetch manifest path-expression-matcher@^1.6.2
1578 silly packumentCache full:https://registry.npmjs.org/path-expression-matcher cache-miss
1579 http fetch GET 200 https://registry.npmjs.org/fast-xml-builder 146ms (cache miss)
1580 silly packumentCache full:https://registry.npmjs.org/fast-xml-builder set size:undefined disposed:false
1581 http fetch GET 200 https://registry.npmjs.org/@nodable%2fentities 150ms (cache miss)
1582 silly packumentCache full:https://registry.npmjs.org/@nodable%2fentities set size:undefined disposed:false
1583 http fetch GET 200 https://registry.npmjs.org/xml-naming 158ms (cache miss)
1584 silly packumentCache full:https://registry.npmjs.org/xml-naming set size:undefined disposed:false
1585 http fetch GET 200 https://registry.npmjs.org/path-expression-matcher 163ms (cache miss)
1586 silly packumentCache full:https://registry.npmjs.org/path-expression-matcher set size:undefined disposed:false
1587 http fetch GET 200 https://registry.npmjs.org/is-unsafe 178ms (cache miss)
1588 silly packumentCache full:https://registry.npmjs.org/is-unsafe set size:undefined disposed:false
1589 http fetch GET 200 https://registry.npmjs.org/strnum 183ms (cache miss)
1590 silly packumentCache full:https://registry.npmjs.org/strnum set size:undefined disposed:false
1591 silly placeDep ROOT graphql@16.11.0 OK for: @distilled.cloud/core@1.0.0-rc.12 want: 16.11.0
1592 silly placeDep ROOT @libsql/core@0.17.4 OK for: @libsql/client@0.17.4 want: ^0.17.4
1593 silly placeDep ROOT @libsql/hrana-client@0.10.0 OK for: @libsql/client@0.17.4 want: ^0.10.0
1594 silly placeDep ROOT js-base64@3.9.4 OK for: @libsql/client@0.17.4 want: ^3.7.5
1595 silly placeDep ROOT libsql@0.5.29 OK for: @libsql/client@0.17.4 want: ^0.5.28
1596 silly placeDep ROOT promise-limit@2.7.0 OK for: @libsql/client@0.17.4 want: ^2.7.0
1597 silly fetch manifest @libsql/isomorphic-ws@^0.1.5
1598 silly packumentCache full:https://registry.npmjs.org/@libsql%2fisomorphic-ws cache-miss
1599 silly fetch manifest detect-libc@2.0.2
1600 silly packumentCache full:https://registry.npmjs.org/detect-libc cache-hit
1601 silly fetch manifest @neon-rs/load@^0.0.4
1602 silly packumentCache full:https://registry.npmjs.org/@neon-rs%2fload cache-miss
1603 silly fetch manifest @libsql/darwin-x64@0.5.29
1604 silly packumentCache full:https://registry.npmjs.org/@libsql%2fdarwin-x64 cache-miss
1605 silly fetch manifest @libsql/darwin-arm64@0.5.29
1606 silly packumentCache full:https://registry.npmjs.org/@libsql%2fdarwin-arm64 cache-miss
1607 silly fetch manifest @libsql/linux-x64-gnu@0.5.29
1608 silly packumentCache full:https://registry.npmjs.org/@libsql%2flinux-x64-gnu cache-miss
1609 silly fetch manifest @libsql/linux-x64-musl@0.5.29
1610 silly packumentCache full:https://registry.npmjs.org/@libsql%2flinux-x64-musl cache-miss
1611 silly fetch manifest @libsql/win32-x64-msvc@0.5.29
1612 silly packumentCache full:https://registry.npmjs.org/@libsql%2fwin32-x64-msvc cache-miss
1613 http fetch GET 200 https://registry.npmjs.org/@libsql%2fdarwin-x64 200ms (cache miss)
1614 silly packumentCache full:https://registry.npmjs.org/@libsql%2fdarwin-x64 set size:undefined disposed:false
1615 silly fetch manifest @libsql/linux-arm64-gnu@0.5.29
1616 silly packumentCache full:https://registry.npmjs.org/@libsql%2flinux-arm64-gnu cache-miss
1617 http fetch GET 200 https://registry.npmjs.org/@neon-rs%2fload 292ms (cache miss)
1618 silly packumentCache full:https://registry.npmjs.org/@neon-rs%2fload set size:undefined disposed:false
1619 silly fetch manifest @libsql/linux-arm64-musl@0.5.29
1620 silly packumentCache full:https://registry.npmjs.org/@libsql%2flinux-arm64-musl cache-miss
1621 http fetch GET 200 https://registry.npmjs.org/@libsql%2flinux-x64-musl 484ms (cache miss)
1622 silly packumentCache full:https://registry.npmjs.org/@libsql%2flinux-x64-musl set size:undefined disposed:false
1623 silly fetch manifest @libsql/linux-arm-gnueabihf@0.5.29
1624 silly packumentCache full:https://registry.npmjs.org/@libsql%2flinux-arm-gnueabihf cache-miss
1625 http fetch GET 200 https://registry.npmjs.org/@libsql%2flinux-arm64-gnu 303ms (cache miss)
1626 silly packumentCache full:https://registry.npmjs.org/@libsql%2flinux-arm64-gnu set size:undefined disposed:false
1627 silly fetch manifest @libsql/linux-arm-musleabihf@0.5.29
1628 silly packumentCache full:https://registry.npmjs.org/@libsql%2flinux-arm-musleabihf cache-miss
1629 http fetch GET 200 https://registry.npmjs.org/@libsql%2fdarwin-arm64 550ms (cache miss)
1630 silly packumentCache full:https://registry.npmjs.org/@libsql%2fdarwin-arm64 set size:undefined disposed:false
1631 http fetch GET 200 https://registry.npmjs.org/@libsql%2flinux-x64-gnu 574ms (cache miss)
1632 silly packumentCache full:https://registry.npmjs.org/@libsql%2flinux-x64-gnu set size:undefined disposed:false
1633 http fetch GET 200 https://registry.npmjs.org/@libsql%2fisomorphic-ws 601ms (cache miss)
1634 silly packumentCache full:https://registry.npmjs.org/@libsql%2fisomorphic-ws set size:undefined disposed:false
1635 http fetch GET 200 https://registry.npmjs.org/@libsql%2fwin32-x64-msvc 621ms (cache miss)
1636 silly packumentCache full:https://registry.npmjs.org/@libsql%2fwin32-x64-msvc set size:undefined disposed:false
1637 http fetch GET 200 https://registry.npmjs.org/@libsql%2flinux-arm64-musl 322ms (cache miss)
1638 silly packumentCache full:https://registry.npmjs.org/@libsql%2flinux-arm64-musl set size:undefined disposed:false
1639 http fetch GET 200 https://registry.npmjs.org/@libsql%2flinux-arm-musleabihf 288ms (cache miss)
1640 silly packumentCache full:https://registry.npmjs.org/@libsql%2flinux-arm-musleabihf set size:undefined disposed:false
1641 http fetch GET 200 https://registry.npmjs.org/@libsql%2flinux-arm-gnueabihf 636ms (cache miss)
1642 silly packumentCache full:https://registry.npmjs.org/@libsql%2flinux-arm-gnueabihf set size:undefined disposed:false
1643 silly placeDep ROOT @libsql/isomorphic-ws@0.1.5 OK for: @libsql/hrana-client@0.10.0 want: ^0.1.5
1644 silly fetch manifest @types/ws@^8.5.4
1645 silly packumentCache full:https://registry.npmjs.org/@types%2fws cache-miss
1646 http fetch GET 200 https://registry.npmjs.org/@types%2fws 238ms (cache miss)
1647 silly packumentCache full:https://registry.npmjs.org/@types%2fws set size:undefined disposed:false
1648 silly placeDep ROOT @types/ws@8.18.2 OK for: @libsql/isomorphic-ws@0.1.5 want: ^8.5.4
1649 silly fetch manifest @types/node@*
1650 silly packumentCache full:https://registry.npmjs.org/@types%2fnode cache-miss
1651 http fetch GET 200 https://registry.npmjs.org/@types%2fnode 3379ms (cache miss)
1652 silly packumentCache full:https://registry.npmjs.org/@types%2fnode set size:undefined disposed:false
1653 silly placeDep ROOT @octokit/core@7.0.8 OK for: @octokit/rest@22.0.1 want: ^7.0.6
1654 silly placeDep ROOT @octokit/plugin-paginate-rest@14.0.0 OK for: @octokit/rest@22.0.1 want: ^14.0.0
1655 silly placeDep ROOT @octokit/plugin-request-log@6.0.0 OK for: @octokit/rest@22.0.1 want: ^6.0.0
1656 silly placeDep ROOT @octokit/plugin-rest-endpoint-methods@17.0.0 OK for: @octokit/rest@22.0.1 want: ^17.0.0
1657 silly fetch manifest @octokit/types@^18.0.0
1658 silly packumentCache full:https://registry.npmjs.org/@octokit%2ftypes cache-miss
1659 silly fetch manifest @octokit/graphql@^9.0.5
1660 silly packumentCache full:https://registry.npmjs.org/@octokit%2fgraphql cache-miss
1661 silly fetch manifest @octokit/request@^10.0.16
1662 silly packumentCache full:https://registry.npmjs.org/@octokit%2frequest cache-miss
1663 silly fetch manifest before-after-hook@^4.0.0
1664 silly packumentCache full:https://registry.npmjs.org/before-after-hook cache-miss
1665 silly fetch manifest @octokit/auth-token@^6.0.0
1666 silly packumentCache full:https://registry.npmjs.org/@octokit%2fauth-token cache-miss
1667 silly fetch manifest universal-user-agent@^7.0.0
1668 silly packumentCache full:https://registry.npmjs.org/universal-user-agent cache-miss
1669 silly fetch manifest @octokit/request-error@^7.1.2
1670 silly packumentCache full:https://registry.npmjs.org/@octokit%2frequest-error cache-miss
1671 http cache https://registry.npmjs.org/@octokit%2frequest-error 37ms (cache hit)
1672 silly packumentCache full:https://registry.npmjs.org/@octokit%2frequest-error set size:133989 disposed:false
1673 silly fetch manifest @octokit/types@^16.0.0
1674 silly packumentCache full:https://registry.npmjs.org/@octokit%2ftypes cache-miss
1675 http fetch GET 200 https://registry.npmjs.org/before-after-hook 235ms (cache miss)
1676 silly packumentCache full:https://registry.npmjs.org/before-after-hook set size:undefined disposed:false
1677 silly fetch manifest @octokit/types@^16.0.0
1678 silly packumentCache full:https://registry.npmjs.org/@octokit%2ftypes cache-miss
1679 http fetch GET 200 https://registry.npmjs.org/@octokit%2fauth-token 445ms (cache miss)
1680 silly packumentCache full:https://registry.npmjs.org/@octokit%2fauth-token set size:undefined disposed:false
1681 http fetch GET 200 https://registry.npmjs.org/universal-user-agent 596ms (cache miss)
1682 silly packumentCache full:https://registry.npmjs.org/universal-user-agent set size:undefined disposed:false
1683 http fetch GET 200 https://registry.npmjs.org/@octokit%2fgraphql 1111ms (cache miss)
1684 silly packumentCache full:https://registry.npmjs.org/@octokit%2fgraphql set size:undefined disposed:false
1685 http fetch GET 200 https://registry.npmjs.org/@octokit%2ftypes 1190ms (cache miss)
1686 silly packumentCache full:https://registry.npmjs.org/@octokit%2ftypes set size:undefined disposed:false
1687 http fetch GET 200 https://registry.npmjs.org/@octokit%2ftypes 1471ms (cache miss)
1688 silly packumentCache full:https://registry.npmjs.org/@octokit%2ftypes set size:undefined disposed:false
1689 http fetch GET 200 https://registry.npmjs.org/@octokit%2ftypes 1441ms (cache miss)
1690 silly packumentCache full:https://registry.npmjs.org/@octokit%2ftypes set size:undefined disposed:false
1691 http fetch GET 200 https://registry.npmjs.org/@octokit%2frequest 1520ms (cache miss)
1692 silly packumentCache full:https://registry.npmjs.org/@octokit%2frequest set size:undefined disposed:false
1693 silly placeDep ROOT @octokit/auth-token@6.0.0 OK for: @octokit/core@7.0.8 want: ^6.0.0
1694 silly placeDep ROOT @octokit/graphql@9.0.5 OK for: @octokit/core@7.0.8 want: ^9.0.5
1695 silly placeDep ROOT @octokit/request@10.0.16 OK for: @octokit/core@7.0.8 want: ^10.0.16
1696 silly placeDep ROOT @octokit/request-error@7.1.2 OK for: @octokit/core@7.0.8 want: ^7.1.2
1697 silly placeDep ROOT @octokit/types@18.0.0 OK for: @octokit/core@7.0.8 want: ^18.0.0
1698 silly placeDep ROOT before-after-hook@4.0.0 OK for: @octokit/core@7.0.8 want: ^4.0.0
1699 silly placeDep ROOT universal-user-agent@7.0.3 OK for: @octokit/core@7.0.8 want: ^7.0.0
1700 silly fetch manifest content-type@^3.0.0
1701 silly packumentCache full:https://registry.npmjs.org/content-type cache-miss
1702 silly fetch manifest json-with-bigint@^3.5.12
1703 silly packumentCache full:https://registry.npmjs.org/json-with-bigint cache-miss
1704 silly fetch manifest @octokit/endpoint@^11.0.5
1705 silly packumentCache full:https://registry.npmjs.org/@octokit%2fendpoint cache-miss
1706 silly fetch manifest universal-user-agent@^7.0.2
1707 silly packumentCache full:https://registry.npmjs.org/universal-user-agent cache-miss
1708 silly fetch manifest @octokit/openapi-types@^29.0.1
1709 silly packumentCache full:https://registry.npmjs.org/@octokit%2fopenapi-types cache-miss
1710 http cache https://registry.npmjs.org/universal-user-agent 27ms (cache hit)
1711 silly packumentCache full:https://registry.npmjs.org/universal-user-agent set size:44336 disposed:false
1712 http fetch GET 200 https://registry.npmjs.org/content-type 87ms (cache miss)
1713 silly packumentCache full:https://registry.npmjs.org/content-type set size:undefined disposed:false
1714 http fetch GET 200 https://registry.npmjs.org/@octokit%2fopenapi-types 215ms (cache miss)
1715 silly packumentCache full:https://registry.npmjs.org/@octokit%2fopenapi-types set size:undefined disposed:false
1716 http fetch GET 200 https://registry.npmjs.org/json-with-bigint 294ms (cache miss)
1717 silly packumentCache full:https://registry.npmjs.org/json-with-bigint set size:undefined disposed:false
1718 http fetch GET 200 https://registry.npmjs.org/@octokit%2fendpoint 860ms (cache miss)
1719 silly packumentCache full:https://registry.npmjs.org/@octokit%2fendpoint set size:undefined disposed:false
1720 silly placeDep node_modules/@octokit/plugin-paginate-rest @octokit/types@16.0.0 OK for: @octokit/plugin-paginate-rest@14.0.0 want: ^16.0.0
1721 silly fetch manifest @octokit/openapi-types@^27.0.0
1722 silly packumentCache full:https://registry.npmjs.org/@octokit%2fopenapi-types cache-miss
1723 http cache https://registry.npmjs.org/@octokit%2fopenapi-types 22ms (cache hit)
1724 silly packumentCache full:https://registry.npmjs.org/@octokit%2fopenapi-types set size:402155 disposed:false
1725 silly placeDep node_modules/@octokit/plugin-rest-endpoint-methods @octokit/types@16.0.0 OK for: @octokit/plugin-rest-endpoint-methods@17.0.0 want: ^16.0.0
1726 silly placeDep ROOT @octokit/endpoint@11.0.5 OK for: @octokit/request@10.0.16 want: ^11.0.5
1727 silly placeDep ROOT content-type@3.1.1 OK for: @octokit/request@10.0.16 want: ^3.0.0
1728 silly placeDep ROOT json-with-bigint@3.5.12 OK for: @octokit/request@10.0.16 want: ^3.5.12
1729 silly placeDep ROOT @octokit/openapi-types@29.0.1 OK for: @octokit/types@18.0.0 want: ^29.0.1
1730 silly placeDep ROOT @octokit/openapi-webhooks-types@12.1.0 OK for: @octokit/webhooks@14.2.0 want: 12.1.0
1731 silly placeDep ROOT @octokit/webhooks-methods@6.0.0 OK for: @octokit/webhooks@14.2.0 want: ^6.0.0
1732 silly placeDep ROOT @electric-sql/pglite@0.3.15 OK for: @prisma/dev@0.20.0 want: 0.3.15
1733 silly placeDep ROOT @electric-sql/pglite-socket@0.0.20 OK for: @prisma/dev@0.20.0 want: 0.0.20
1734 silly placeDep ROOT @electric-sql/pglite-tools@0.2.20 OK for: @prisma/dev@0.20.0 want: 0.2.20
1735 silly placeDep ROOT @hono/node-server@1.19.9 OK for: @prisma/dev@0.20.0 want: 1.19.9
1736 silly placeDep ROOT hono@4.11.4 OK for: @hono/node-server@1.19.9 want: ^4
1737 silly placeDep ROOT @mrleebo/prisma-ast@0.13.1 OK for: @prisma/dev@0.20.0 want: 0.13.1
1738 silly placeDep ROOT @prisma/get-platform@7.2.0 OK for: @prisma/dev@0.20.0 want: 7.2.0
1739 silly placeDep ROOT @prisma/query-plan-executor@7.2.0 OK for: @prisma/dev@0.20.0 want: 7.2.0
1740 silly placeDep ROOT foreground-child@3.3.1 OK for: @prisma/dev@0.20.0 want: 3.3.1
1741 silly placeDep ROOT get-port-please@3.2.0 OK for: @prisma/dev@0.20.0 want: 3.2.0
1742 silly placeDep ROOT http-status-codes@2.3.0 OK for: @prisma/dev@0.20.0 want: 2.3.0
1743 silly placeDep ROOT proper-lockfile@4.1.2 OK for: @prisma/dev@0.20.0 want: 4.1.2
1744 silly placeDep ROOT remeda@2.33.4 OK for: @prisma/dev@0.20.0 want: 2.33.4
1745 silly placeDep ROOT std-env@3.10.0 OK for: @prisma/dev@0.20.0 want: 3.10.0
1746 silly placeDep ROOT valibot@1.2.0 OK for: @prisma/dev@0.20.0 want: 1.2.0
1747 silly placeDep ROOT zeptomatch@2.1.0 OK for: @prisma/dev@0.20.0 want: 2.1.0
1748 silly fetch manifest lilconfig@^2.1.0
1749 silly packumentCache full:https://registry.npmjs.org/lilconfig cache-miss
1750 silly fetch manifest chevrotain@^10.5.0
1751 silly packumentCache full:https://registry.npmjs.org/chevrotain cache-miss
1752 silly fetch manifest @prisma/debug@7.2.0
1753 silly packumentCache full:https://registry.npmjs.org/@prisma%2fdebug cache-miss
1754 silly fetch manifest signal-exit@^4.0.1
1755 silly packumentCache full:https://registry.npmjs.org/signal-exit cache-hit
1756 silly fetch manifest retry@^0.12.0
1757 silly packumentCache full:https://registry.npmjs.org/retry cache-miss
1758 silly fetch manifest signal-exit@^3.0.2
1759 silly packumentCache full:https://registry.npmjs.org/signal-exit cache-hit
1760 silly fetch manifest grammex@^3.1.11
1761 silly packumentCache full:https://registry.npmjs.org/grammex cache-miss
1762 silly fetch manifest graphmatch@^1.1.0
1763 silly packumentCache full:https://registry.npmjs.org/graphmatch cache-miss
1764 http fetch GET 200 https://registry.npmjs.org/graphmatch 110ms (cache miss)
1765 silly packumentCache full:https://registry.npmjs.org/graphmatch set size:undefined disposed:false
1766 http fetch GET 200 https://registry.npmjs.org/retry 124ms (cache miss)
1767 silly packumentCache full:https://registry.npmjs.org/retry set size:undefined disposed:false
1768 http fetch GET 200 https://registry.npmjs.org/lilconfig 139ms (cache miss)
1769 silly packumentCache full:https://registry.npmjs.org/lilconfig set size:undefined disposed:false
1770 http fetch GET 200 https://registry.npmjs.org/grammex 163ms (cache miss)
1771 silly packumentCache full:https://registry.npmjs.org/grammex set size:undefined disposed:false
1772 http fetch GET 200 https://registry.npmjs.org/@prisma%2fdebug 278ms (cache revalidated)
1773 silly packumentCache full:https://registry.npmjs.org/@prisma%2fdebug set size:28944873 disposed:false
1774 http fetch GET 200 https://registry.npmjs.org/chevrotain 1132ms (cache miss)
1775 silly packumentCache full:https://registry.npmjs.org/chevrotain set size:undefined disposed:false
1776 silly placeDep ROOT chevrotain@10.5.0 OK for: @mrleebo/prisma-ast@0.13.1 want: ^10.5.0
1777 silly placeDep ROOT lilconfig@2.1.0 OK for: @mrleebo/prisma-ast@0.13.1 want: ^2.1.0
1778 silly fetch manifest lodash@4.17.21
1779 silly packumentCache full:https://registry.npmjs.org/lodash cache-miss
1780 silly fetch manifest regexp-to-ast@0.5.0
1781 silly packumentCache full:https://registry.npmjs.org/regexp-to-ast cache-miss
1782 silly fetch manifest @chevrotain/gast@10.5.0
1783 silly packumentCache full:https://registry.npmjs.org/@chevrotain%2fgast cache-miss
1784 silly fetch manifest @chevrotain/types@10.5.0
1785 silly packumentCache full:https://registry.npmjs.org/@chevrotain%2ftypes cache-miss
1786 silly fetch manifest @chevrotain/utils@10.5.0
1787 silly packumentCache full:https://registry.npmjs.org/@chevrotain%2futils cache-miss
1788 silly fetch manifest @chevrotain/cst-dts-gen@10.5.0
1789 silly packumentCache full:https://registry.npmjs.org/@chevrotain%2fcst-dts-gen cache-miss
1790 http fetch GET 200 https://registry.npmjs.org/@chevrotain%2futils 147ms (cache miss)
1791 silly packumentCache full:https://registry.npmjs.org/@chevrotain%2futils set size:undefined disposed:false
1792 http fetch GET 200 https://registry.npmjs.org/regexp-to-ast 163ms (cache miss)
1793 silly packumentCache full:https://registry.npmjs.org/regexp-to-ast set size:undefined disposed:false
1794 http fetch GET 200 https://registry.npmjs.org/lodash 239ms (cache miss)
1795 silly packumentCache full:https://registry.npmjs.org/lodash set size:undefined disposed:false
1796 http fetch GET 200 https://registry.npmjs.org/@chevrotain%2fcst-dts-gen 260ms (cache miss)
1797 silly packumentCache full:https://registry.npmjs.org/@chevrotain%2fcst-dts-gen set size:undefined disposed:false
1798 http fetch GET 200 https://registry.npmjs.org/@chevrotain%2ftypes 277ms (cache miss)
1799 silly packumentCache full:https://registry.npmjs.org/@chevrotain%2ftypes set size:undefined disposed:false
1800 http fetch GET 200 https://registry.npmjs.org/@chevrotain%2fgast 311ms (cache miss)
1801 silly packumentCache full:https://registry.npmjs.org/@chevrotain%2fgast set size:undefined disposed:false
1802 silly placeDep ROOT @prisma/debug@7.2.0 OK for: @prisma/get-platform@7.2.0 want: 7.2.0
1803 silly placeDep ROOT modern-tar@0.8.5 OK for: @puppeteer/browsers@3.2.3 want: ^0.8.4
1804 silly placeDep ROOT yargs@18.2.0 OK for: @puppeteer/browsers@3.2.3 want: ^18.0.0
1805 silly fetch manifest y18n@^5.0.5
1806 silly packumentCache full:https://registry.npmjs.org/y18n cache-miss
1807 silly fetch manifest cliui@^9.0.1
1808 silly packumentCache full:https://registry.npmjs.org/cliui cache-miss
1809 silly fetch manifest escalade@^3.1.1
1810 silly packumentCache full:https://registry.npmjs.org/escalade cache-miss
1811 silly fetch manifest yargs-parser@^22.0.0
1812 silly packumentCache full:https://registry.npmjs.org/yargs-parser cache-miss
1813 silly fetch manifest get-caller-file@^2.0.5
1814 silly packumentCache full:https://registry.npmjs.org/get-caller-file cache-miss
1815 http fetch GET 200 https://registry.npmjs.org/cliui 74ms (cache revalidated)
1816 silly packumentCache full:https://registry.npmjs.org/cliui set size:69089 disposed:false
1817 http fetch GET 200 https://registry.npmjs.org/y18n 111ms (cache revalidated)
1818 silly packumentCache full:https://registry.npmjs.org/y18n set size:76206 disposed:false
1819 http fetch GET 200 https://registry.npmjs.org/escalade 113ms (cache revalidated)
1820 silly packumentCache full:https://registry.npmjs.org/escalade set size:33724 disposed:false
1821 http fetch GET 200 https://registry.npmjs.org/get-caller-file 114ms (cache revalidated)
1822 silly packumentCache full:https://registry.npmjs.org/get-caller-file set size:26456 disposed:false
1823 http fetch GET 200 https://registry.npmjs.org/yargs-parser 120ms (cache revalidated)
1824 silly packumentCache full:https://registry.npmjs.org/yargs-parser set size:238681 disposed:false
1825 silly placeDep ROOT @types/node@26.6.4 OK for: @types/ws@8.18.2 want: *
1826 silly fetch manifest undici-types@~8.9.0
1827 silly packumentCache full:https://registry.npmjs.org/undici-types cache-miss
1828 http fetch GET 200 https://registry.npmjs.org/undici-types 133ms (cache miss)
1829 silly packumentCache full:https://registry.npmjs.org/undici-types set size:undefined disposed:false
1830 silly placeDep ROOT undici-types@8.9.0 OK for: @types/node@26.6.4 want: ~8.9.0
1831 silly placeDep ROOT @ark/schema@0.56.2 OK for: arktype@2.2.3 want: 0.56.2
1832 silly placeDep ROOT @ark/util@0.56.2 OK for: arktype@2.2.3 want: 0.56.2
1833 silly placeDep ROOT arkregex@0.0.8 OK for: arktype@2.2.3 want: 0.0.8
1834 silly placeDep ROOT file-uri-to-path@1.0.0 OK for: bindings@1.5.0 want: 1.0.0
1835 silly placeDep ROOT confbox@0.2.4 OK for: c12@3.3.4 want: ^0.2.4
1836 silly placeDep ROOT defu@6.1.7 OK for: c12@3.3.4 want: ^6.1.6
1837 silly placeDep ROOT exsolve@1.1.3 OK for: c12@3.3.4 want: ^1.0.8
1838 silly placeDep ROOT giget@3.3.1 OK for: c12@3.3.4 want: ^3.2.0
1839 silly placeDep ROOT ohash@2.0.12 OK for: c12@3.3.4 want: ^2.0.11
1840 silly placeDep ROOT perfect-debounce@2.1.0 OK for: c12@3.3.4 want: ^2.1.0
1841 silly placeDep ROOT pkg-types@2.3.3 OK for: c12@3.3.4 want: ^2.3.0
1842 silly placeDep ROOT rc9@3.1.0 OK for: c12@3.3.4 want: ^3.0.1
1843 silly fetch manifest confbox@^0.3.1
1844 silly packumentCache full:https://registry.npmjs.org/confbox cache-miss
1845 silly fetch manifest destr@^2.0.5
1846 silly packumentCache full:https://registry.npmjs.org/destr cache-miss
1847 http cache https://registry.npmjs.org/confbox 16ms (cache hit)
1848 silly packumentCache full:https://registry.npmjs.org/confbox set size:49622 disposed:false
1849 http fetch GET 200 https://registry.npmjs.org/destr 168ms (cache miss)
1850 silly packumentCache full:https://registry.npmjs.org/destr set size:undefined disposed:false
1851 silly placeDep ROOT @chevrotain/cst-dts-gen@10.5.0 OK for: chevrotain@10.5.0 want: 10.5.0
1852 silly placeDep ROOT @chevrotain/gast@10.5.0 OK for: chevrotain@10.5.0 want: 10.5.0
1853 silly placeDep ROOT @chevrotain/types@10.5.0 OK for: chevrotain@10.5.0 want: 10.5.0
1854 silly placeDep ROOT @chevrotain/utils@10.5.0 OK for: chevrotain@10.5.0 want: 10.5.0
1855 silly placeDep ROOT lodash@4.17.21 OK for: chevrotain@10.5.0 want: 4.17.21
1856 silly placeDep ROOT regexp-to-ast@0.5.0 OK for: chevrotain@10.5.0 want: 0.5.0
1857 silly placeDep ROOT readdirp@5.1.1 OK for: chokidar@5.0.0 want: ^5.0.0
1858 silly placeDep ROOT typanion@3.14.0 OK for: clipanion@4.0.0-rc.4 want: ^3.8.0
1859 silly placeDep ROOT path-key@3.1.1 OK for: cross-spawn@7.0.6 want: ^3.1.0
1860 silly placeDep ROOT shebang-command@2.0.0 OK for: cross-spawn@7.0.6 want: ^2.0.0
1861 silly placeDep ROOT which@2.0.2 OK for: cross-spawn@7.0.6 want: ^2.0.1
1862 silly fetch manifest shebang-regex@^3.0.0
1863 silly packumentCache full:https://registry.npmjs.org/shebang-regex cache-miss
1864 silly fetch manifest isexe@^2.0.0
1865 silly packumentCache full:https://registry.npmjs.org/isexe cache-miss
1866 http fetch GET 200 https://registry.npmjs.org/isexe 105ms (cache revalidated)
1867 silly packumentCache full:https://registry.npmjs.org/isexe set size:31756 disposed:false
1868 http fetch GET 200 https://registry.npmjs.org/shebang-regex 116ms (cache revalidated)
1869 silly packumentCache full:https://registry.npmjs.org/shebang-regex set size:9763 disposed:false
1870 silly placeDep ROOT @esbuild/aix-ppc64@0.28.2 OK for: esbuild@0.28.2 want: 0.28.2
1871 silly placeDep ROOT @esbuild/android-arm@0.28.2 OK for: esbuild@0.28.2 want: 0.28.2
1872 silly placeDep ROOT @esbuild/android-arm64@0.28.2 OK for: esbuild@0.28.2 want: 0.28.2
1873 silly placeDep ROOT @esbuild/android-x64@0.28.2 OK for: esbuild@0.28.2 want: 0.28.2
1874 silly placeDep ROOT @esbuild/darwin-arm64@0.28.2 OK for: esbuild@0.28.2 want: 0.28.2
1875 silly placeDep ROOT @esbuild/darwin-x64@0.28.2 OK for: esbuild@0.28.2 want: 0.28.2
1876 silly placeDep ROOT @esbuild/freebsd-arm64@0.28.2 OK for: esbuild@0.28.2 want: 0.28.2
1877 silly placeDep ROOT @esbuild/freebsd-x64@0.28.2 OK for: esbuild@0.28.2 want: 0.28.2
1878 silly placeDep ROOT @esbuild/linux-arm@0.28.2 OK for: esbuild@0.28.2 want: 0.28.2
1879 silly placeDep ROOT @esbuild/linux-arm64@0.28.2 OK for: esbuild@0.28.2 want: 0.28.2
1880 silly placeDep ROOT @esbuild/linux-ia32@0.28.2 OK for: esbuild@0.28.2 want: 0.28.2
1881 silly placeDep ROOT @esbuild/linux-loong64@0.28.2 OK for: esbuild@0.28.2 want: 0.28.2
1882 silly placeDep ROOT @esbuild/linux-mips64el@0.28.2 OK for: esbuild@0.28.2 want: 0.28.2
1883 silly placeDep ROOT @esbuild/linux-ppc64@0.28.2 OK for: esbuild@0.28.2 want: 0.28.2
1884 silly placeDep ROOT @esbuild/linux-riscv64@0.28.2 OK for: esbuild@0.28.2 want: 0.28.2
1885 silly placeDep ROOT @esbuild/linux-s390x@0.28.2 OK for: esbuild@0.28.2 want: 0.28.2
1886 silly placeDep ROOT @esbuild/linux-x64@0.28.2 OK for: esbuild@0.28.2 want: 0.28.2
1887 silly placeDep ROOT @esbuild/netbsd-arm64@0.28.2 OK for: esbuild@0.28.2 want: 0.28.2
1888 silly placeDep ROOT @esbuild/netbsd-x64@0.28.2 OK for: esbuild@0.28.2 want: 0.28.2
1889 silly placeDep ROOT @esbuild/openbsd-arm64@0.28.2 OK for: esbuild@0.28.2 want: 0.28.2
1890 silly placeDep ROOT @esbuild/openbsd-x64@0.28.2 OK for: esbuild@0.28.2 want: 0.28.2
1891 silly placeDep ROOT @esbuild/openharmony-arm64@0.28.2 OK for: esbuild@0.28.2 want: 0.28.2
1892 silly placeDep ROOT @esbuild/sunos-x64@0.28.2 OK for: esbuild@0.28.2 want: 0.28.2
1893 silly placeDep ROOT @esbuild/win32-arm64@0.28.2 OK for: esbuild@0.28.2 want: 0.28.2
1894 silly placeDep ROOT @esbuild/win32-ia32@0.28.2 OK for: esbuild@0.28.2 want: 0.28.2
1895 silly placeDep ROOT @esbuild/win32-x64@0.28.2 OK for: esbuild@0.28.2 want: 0.28.2
1896 silly placeDep ROOT @sindresorhus/merge-streams@4.0.0 OK for: execa@9.6.1 want: ^4.0.0
1897 silly placeDep ROOT figures@6.1.0 OK for: execa@9.6.1 want: ^6.1.0
1898 silly placeDep ROOT get-stream@9.0.1 OK for: execa@9.6.1 want: ^9.0.0
1899 silly placeDep ROOT human-signals@8.0.1 OK for: execa@9.6.1 want: ^8.0.1
1900 silly placeDep ROOT is-plain-obj@4.1.0 OK for: execa@9.6.1 want: ^4.1.0
1901 silly placeDep ROOT is-stream@4.0.1 OK for: execa@9.6.1 want: ^4.0.1
1902 silly placeDep ROOT npm-run-path@6.0.0 OK for: execa@9.6.1 want: ^6.0.0
1903 silly placeDep ROOT pretty-ms@9.3.1 OK for: execa@9.6.1 want: ^9.2.0
1904 silly placeDep ROOT signal-exit@4.1.0 OK for: execa@9.6.1 want: ^4.1.0
1905 silly placeDep ROOT strip-final-newline@4.0.0 OK for: execa@9.6.1 want: ^4.0.0
1906 silly placeDep ROOT yoctocolors@2.2.0 OK for: execa@9.6.1 want: ^2.1.1
1907 silly fetch manifest is-unicode-supported@^2.0.0
1908 silly packumentCache full:https://registry.npmjs.org/is-unicode-supported cache-miss
1909 silly fetch manifest @sec-ant/readable-stream@^0.4.1
1910 silly packumentCache full:https://registry.npmjs.org/@sec-ant%2freadable-stream cache-miss
1911 silly fetch manifest path-key@^4.0.0
1912 silly packumentCache full:https://registry.npmjs.org/path-key cache-hit
1913 silly fetch manifest unicorn-magic@^0.3.0
1914 silly packumentCache full:https://registry.npmjs.org/unicorn-magic cache-miss
1915 silly fetch manifest parse-ms@^4.0.0
1916 silly packumentCache full:https://registry.npmjs.org/parse-ms cache-miss
1917 http fetch GET 200 https://registry.npmjs.org/parse-ms 86ms (cache revalidated)
1918 silly packumentCache full:https://registry.npmjs.org/parse-ms set size:18020 disposed:false
1919 http fetch GET 200 https://registry.npmjs.org/unicorn-magic 108ms (cache revalidated)
1920 silly packumentCache full:https://registry.npmjs.org/unicorn-magic set size:11340 disposed:false
1921 http fetch GET 200 https://registry.npmjs.org/is-unicode-supported 118ms (cache revalidated)
1922 silly packumentCache full:https://registry.npmjs.org/is-unicode-supported set size:19461 disposed:false
1923 http fetch GET 200 https://registry.npmjs.org/@sec-ant%2freadable-stream 144ms (cache revalidated)
1924 silly packumentCache full:https://registry.npmjs.org/@sec-ant%2freadable-stream set size:41612 disposed:false
1925 silly placeDep ROOT fast-string-truncated-width@3.0.3 OK for: fast-string-width@3.0.2 want: ^3.0.2
1926 silly placeDep ROOT @nodable/entities@3.1.0 OK for: fast-xml-parser@5.11.2 want: ^3.0.1
1927 silly placeDep ROOT fast-xml-builder@1.3.1 OK for: fast-xml-parser@5.11.2 want: ^1.2.0
1928 silly placeDep ROOT is-unsafe@2.0.2 OK for: fast-xml-parser@5.11.2 want: ^2.0.0
1929 silly placeDep ROOT path-expression-matcher@1.6.2 OK for: fast-xml-parser@5.11.2 want: ^1.6.2
1930 silly placeDep ROOT strnum@2.4.2 OK for: fast-xml-parser@5.11.2 want: ^2.4.2
1931 silly placeDep ROOT xml-naming@0.3.0 OK for: fast-xml-parser@5.11.2 want: ^0.3.0
1932 silly fetch manifest anynum@^1.0.1
1933 silly packumentCache full:https://registry.npmjs.org/anynum cache-miss
1934 http fetch GET 200 https://registry.npmjs.org/anynum 75ms (cache miss)
1935 silly packumentCache full:https://registry.npmjs.org/anynum set size:undefined disposed:false
1936 silly placeDep ROOT is-unicode-supported@2.1.0 OK for: figures@6.1.0 want: ^2.0.0
1937 silly placeDep ROOT @sec-ant/readable-stream@0.4.1 OK for: get-stream@9.0.1 want: ^0.4.1
1938 silly placeDep ROOT minimatch@10.2.6 OK for: glob@13.0.6 want: ^10.2.2
1939 silly placeDep ROOT minipass@7.1.3 OK for: glob@13.0.6 want: ^7.1.3
1940 silly placeDep ROOT path-scurry@2.0.2 OK for: glob@13.0.6 want: ^2.0.2
1941 silly fetch manifest brace-expansion@^5.0.8
1942 silly packumentCache full:https://registry.npmjs.org/brace-expansion cache-miss
1943 silly fetch manifest lru-cache@^11.0.0
1944 silly packumentCache full:https://registry.npmjs.org/lru-cache cache-miss
1945 http fetch GET 200 https://registry.npmjs.org/brace-expansion 87ms (cache revalidated)
1946 silly packumentCache full:https://registry.npmjs.org/brace-expansion set size:128514 disposed:false
1947 http fetch GET 200 https://registry.npmjs.org/lru-cache 106ms (cache revalidated)
1948 silly packumentCache full:https://registry.npmjs.org/lru-cache set size:465506 disposed:false
1949 silly placeDep ROOT agent-base@7.1.4 OK for: https-proxy-agent@7.0.6 want: ^7.1.2
1950 silly placeDep ROOT debug@4.4.3 OK for: https-proxy-agent@7.0.6 want: 4
1951 silly fetch manifest ms@^2.1.3
1952 silly packumentCache full:https://registry.npmjs.org/ms cache-miss
1953 http fetch GET 200 https://registry.npmjs.org/ms 79ms (cache revalidated)
1954 silly packumentCache full:https://registry.npmjs.org/ms set size:92208 disposed:false
1955 silly placeDep ROOT ms@2.1.3 OK for: debug@4.4.3 want: ^2.1.3
1956 silly placeDep ROOT libsodium@0.8.4 OK for: libsodium-wrappers@0.8.4 want: ^0.8.0
1957 silly placeDep ROOT @libsql/darwin-arm64@0.5.29 OK for: libsql@0.5.29 want: 0.5.29
1958 silly placeDep ROOT @libsql/darwin-x64@0.5.29 OK for: libsql@0.5.29 want: 0.5.29
1959 silly placeDep ROOT @libsql/linux-arm-gnueabihf@0.5.29 OK for: libsql@0.5.29 want: 0.5.29
1960 silly placeDep ROOT @libsql/linux-arm-musleabihf@0.5.29 OK for: libsql@0.5.29 want: 0.5.29
1961 silly placeDep ROOT @libsql/linux-arm64-gnu@0.5.29 OK for: libsql@0.5.29 want: 0.5.29
1962 silly placeDep ROOT @libsql/linux-arm64-musl@0.5.29 OK for: libsql@0.5.29 want: 0.5.29
1963 silly placeDep ROOT @libsql/linux-x64-gnu@0.5.29 OK for: libsql@0.5.29 want: 0.5.29
1964 silly placeDep ROOT @libsql/linux-x64-musl@0.5.29 OK for: libsql@0.5.29 want: 0.5.29
1965 silly placeDep ROOT @libsql/win32-x64-msvc@0.5.29 OK for: libsql@0.5.29 want: 0.5.29
1966 silly placeDep ROOT @neon-rs/load@0.0.4 OK for: libsql@0.5.29 want: ^0.0.4
1967 silly placeDep node_modules/libsql detect-libc@2.0.2 OK for: libsql@0.5.29 want: 2.0.2
1968 silly placeDep ROOT @jridgewell/sourcemap-codec@1.6.0 OK for: magic-string@0.30.21 want: ^1.5.5
1969 silly placeDep ROOT @babel/parser@7.29.9 OK for: magicast@0.5.5 want: ^7.29.7
1970 silly placeDep ROOT @babel/types@7.29.8 OK for: magicast@0.5.5 want: ^7.29.7
1971 silly placeDep ROOT source-map-js@1.2.2 OK for: magicast@0.5.5 want: ^1.2.1
1972 silly fetch manifest @babel/types@^7.29.8
1973 silly packumentCache full:https://registry.npmjs.org/@babel%2ftypes cache-miss
1974 silly fetch manifest @babel/helper-string-parser@^7.29.7
1975 silly packumentCache full:https://registry.npmjs.org/@babel%2fhelper-string-parser cache-miss
1976 silly fetch manifest @babel/helper-validator-identifier@^7.29.7
1977 silly packumentCache full:https://registry.npmjs.org/@babel%2fhelper-validator-identifier cache-miss
1978 http cache https://registry.npmjs.org/@babel%2ftypes 21ms (cache hit)
1979 silly packumentCache full:https://registry.npmjs.org/@babel%2ftypes set size:507562 disposed:false
1980 http fetch GET 200 https://registry.npmjs.org/@babel%2fhelper-validator-identifier 132ms (cache miss)
1981 silly packumentCache full:https://registry.npmjs.org/@babel%2fhelper-validator-identifier set size:undefined disposed:false
1982 http fetch GET 200 https://registry.npmjs.org/@babel%2fhelper-string-parser 220ms (cache miss)
1983 silly packumentCache full:https://registry.npmjs.org/@babel%2fhelper-string-parser set size:undefined disposed:false
1984 silly placeDep ROOT @babel/helper-string-parser@7.29.7 OK for: @babel/types@7.29.8 want: ^7.29.7
1985 silly placeDep ROOT @babel/helper-validator-identifier@7.29.7 OK for: @babel/types@7.29.8 want: ^7.29.7
1986 silly placeDep ROOT brace-expansion@5.0.12 OK for: minimatch@10.2.6 want: ^5.0.8
1987 silly fetch manifest balanced-match@^4.0.2
1988 silly packumentCache full:https://registry.npmjs.org/balanced-match cache-miss
1989 http fetch GET 200 https://registry.npmjs.org/balanced-match 106ms (cache revalidated)
1990 silly packumentCache full:https://registry.npmjs.org/balanced-match set size:39082 disposed:false
1991 silly placeDep ROOT balanced-match@4.0.4 OK for: brace-expansion@5.0.12 want: ^4.0.2
1992 silly placeDep ROOT whatwg-url@5.0.0 OK for: node-fetch@2.7.0 want: ^5.0.0
1993 silly fetch manifest tr46@~0.0.3
1994 silly packumentCache full:https://registry.npmjs.org/tr46 cache-miss
1995 silly fetch manifest webidl-conversions@^3.0.0
1996 silly packumentCache full:https://registry.npmjs.org/webidl-conversions cache-miss
1997 http fetch GET 200 https://registry.npmjs.org/tr46 86ms (cache revalidated)
1998 silly packumentCache full:https://registry.npmjs.org/tr46 set size:47377 disposed:false
1999 http fetch GET 200 https://registry.npmjs.org/webidl-conversions 96ms (cache revalidated)
2000 silly packumentCache full:https://registry.npmjs.org/webidl-conversions set size:46073 disposed:false
2001 silly placeDep ROOT abbrev@3.0.1 OK for: nopt@8.1.0 want: ^3.0.0
2002 silly placeDep node_modules/npm-run-path path-key@4.0.0 OK for: npm-run-path@6.0.0 want: ^4.0.0
2003 silly placeDep ROOT unicorn-magic@0.3.0 OK for: npm-run-path@6.0.0 want: ^0.3.0
2004 silly placeDep ROOT default-browser@5.5.1 OK for: open@11.0.4 want: ^5.5.1
2005 silly placeDep ROOT define-lazy-prop@3.0.0 OK for: open@11.0.4 want: ^3.0.0
2006 silly placeDep ROOT is-in-ssh@1.0.0 OK for: open@11.0.4 want: ^1.0.0
2007 silly placeDep ROOT is-inside-container@1.0.0 OK for: open@11.0.4 want: ^1.0.0
2008 silly placeDep ROOT powershell-utils@0.2.1 OK for: open@11.0.4 want: ^0.2.1
2009 silly placeDep ROOT wsl-utils@1.0.1 OK for: open@11.0.4 want: ^1.0.0
2010 silly fetch manifest bundle-name@^4.1.0
2011 silly packumentCache full:https://registry.npmjs.org/bundle-name cache-miss
2012 silly fetch manifest default-browser-id@^5.0.0
2013 silly packumentCache full:https://registry.npmjs.org/default-browser-id cache-miss
2014 silly fetch manifest is-docker@^3.0.0
2015 silly packumentCache full:https://registry.npmjs.org/is-docker cache-miss
2016 silly fetch manifest is-wsl@^3.1.0
2017 silly packumentCache full:https://registry.npmjs.org/is-wsl cache-miss
2018 http fetch GET 200 https://registry.npmjs.org/bundle-name 107ms (cache revalidated)
2019 silly packumentCache full:https://registry.npmjs.org/bundle-name set size:19341 disposed:false
2020 http fetch GET 200 https://registry.npmjs.org/is-wsl 111ms (cache revalidated)
2021 silly packumentCache full:https://registry.npmjs.org/is-wsl set size:20683 disposed:false
2022 http fetch GET 200 https://registry.npmjs.org/is-docker 116ms (cache revalidated)
2023 silly packumentCache full:https://registry.npmjs.org/is-docker set size:23690 disposed:false
2024 http fetch GET 200 https://registry.npmjs.org/default-browser-id 121ms (cache revalidated)
2025 silly packumentCache full:https://registry.npmjs.org/default-browser-id set size:24398 disposed:false
2026 silly placeDep ROOT bundle-name@4.1.1 OK for: default-browser@5.5.1 want: ^4.1.0
2027 silly placeDep ROOT default-browser-id@5.0.1 OK for: default-browser@5.5.1 want: ^5.0.0
2028 silly fetch manifest run-applescript@^7.0.0
2029 silly packumentCache full:https://registry.npmjs.org/run-applescript cache-miss
2030 http fetch GET 200 https://registry.npmjs.org/run-applescript 87ms (cache revalidated)
2031 silly packumentCache full:https://registry.npmjs.org/run-applescript set size:27897 disposed:false
2032 silly placeDep ROOT run-applescript@7.1.0 OK for: bundle-name@4.1.1 want: ^7.0.0
2033 silly placeDep ROOT is-docker@3.0.0 OK for: is-inside-container@1.0.0 want: ^3.0.0
2034 silly placeDep ROOT openapi-typescript-helpers@0.0.15 OK for: openapi-fetch@0.14.0 want: ^0.0.15
2035 silly placeDep ROOT lru-cache@11.5.3 OK for: path-scurry@2.0.2 want: ^11.0.0
2036 silly placeDep node_modules/pkg-types confbox@0.3.1 OK for: pkg-types@2.3.3 want: ^0.3.1
2037 silly placeDep ROOT parse-ms@4.0.0 OK for: pretty-ms@9.3.1 want: ^4.0.0
2038 silly placeDep node_modules/prisma @prisma/cli-engine@0.6.2 OK for: prisma@8.0.0-rc.19 want: 0.6.2
2039 silly placeDep ROOT retry@0.12.0 OK for: proper-lockfile@4.1.2 want: ^0.12.0
2040 silly placeDep node_modules/proper-lockfile signal-exit@3.0.7 OK for: proper-lockfile@4.1.2 want: ^3.0.2
2041 silly placeDep ROOT destr@2.0.5 OK for: rc9@3.1.0 want: ^2.0.5
2042 silly placeDep ROOT @oxc-project/types@0.146.0 OK for: rolldown@1.2.5 want: =0.146.0
2043 silly placeDep ROOT @rolldown/binding-android-arm-eabi@1.2.5 OK for: rolldown@1.2.5 want: 1.2.5
2044 silly placeDep ROOT @rolldown/binding-android-arm64@1.2.5 OK for: rolldown@1.2.5 want: 1.2.5
2045 silly placeDep ROOT @rolldown/binding-darwin-arm64@1.2.5 OK for: rolldown@1.2.5 want: 1.2.5
2046 silly placeDep ROOT @rolldown/binding-darwin-x64@1.2.5 OK for: rolldown@1.2.5 want: 1.2.5
2047 silly placeDep ROOT @rolldown/binding-freebsd-x64@1.2.5 OK for: rolldown@1.2.5 want: 1.2.5
2048 silly placeDep ROOT @rolldown/binding-linux-arm-gnueabihf@1.2.5 OK for: rolldown@1.2.5 want: 1.2.5
2049 silly placeDep ROOT @rolldown/binding-linux-arm64-gnu@1.2.5 OK for: rolldown@1.2.5 want: 1.2.5
2050 silly placeDep ROOT @rolldown/binding-linux-arm64-musl@1.2.5 OK for: rolldown@1.2.5 want: 1.2.5
2051 silly placeDep ROOT @rolldown/binding-linux-ppc64-gnu@1.2.5 OK for: rolldown@1.2.5 want: 1.2.5
2052 silly placeDep ROOT @rolldown/binding-linux-s390x-gnu@1.2.5 OK for: rolldown@1.2.5 want: 1.2.5
2053 silly placeDep ROOT @rolldown/binding-linux-x64-gnu@1.2.5 OK for: rolldown@1.2.5 want: 1.2.5
2054 silly placeDep ROOT @rolldown/binding-linux-x64-musl@1.2.5 OK for: rolldown@1.2.5 want: 1.2.5
2055 silly placeDep ROOT @rolldown/binding-openharmony-arm64@1.2.5 OK for: rolldown@1.2.5 want: 1.2.5
2056 silly placeDep ROOT @rolldown/binding-win32-arm64-msvc@1.2.5 OK for: rolldown@1.2.5 want: 1.2.5
2057 silly placeDep ROOT @rolldown/binding-win32-x64-msvc@1.2.5 OK for: rolldown@1.2.5 want: 1.2.5
2058 silly placeDep ROOT @rolldown/pluginutils@1.0.1 OK for: rolldown@1.2.5 want: ^1.0.0
2059 silly placeDep ROOT @img/colour@1.1.0 OK for: sharp@0.35.5 want: ^1.1.0
2060 silly placeDep ROOT @img/sharp-darwin-arm64@0.35.5 OK for: sharp@0.35.5 want: 0.35.5
2061 silly placeDep ROOT @img/sharp-darwin-x64@0.35.5 OK for: sharp@0.35.5 want: 0.35.5
2062 silly placeDep ROOT @img/sharp-freebsd-wasm32@0.35.5 OK for: sharp@0.35.5 want: 0.35.5
2063 silly placeDep ROOT @img/sharp-libvips-darwin-arm64@1.3.4 OK for: sharp@0.35.5 want: 1.3.4
2064 silly placeDep ROOT @img/sharp-libvips-darwin-x64@1.3.4 OK for: sharp@0.35.5 want: 1.3.4
2065 silly placeDep ROOT @img/sharp-libvips-linux-arm@1.3.4 OK for: sharp@0.35.5 want: 1.3.4
2066 silly placeDep ROOT @img/sharp-libvips-linux-arm64@1.3.4 OK for: sharp@0.35.5 want: 1.3.4
2067 silly placeDep ROOT @img/sharp-libvips-linux-ppc64@1.3.4 OK for: sharp@0.35.5 want: 1.3.4
2068 silly placeDep ROOT @img/sharp-libvips-linux-riscv64@1.3.4 OK for: sharp@0.35.5 want: 1.3.4
2069 silly placeDep ROOT @img/sharp-libvips-linux-s390x@1.3.4 OK for: sharp@0.35.5 want: 1.3.4
2070 silly placeDep ROOT @img/sharp-libvips-linux-x64@1.3.4 OK for: sharp@0.35.5 want: 1.3.4
2071 silly placeDep ROOT @img/sharp-libvips-linuxmusl-arm64@1.3.4 OK for: sharp@0.35.5 want: 1.3.4
2072 silly placeDep ROOT @img/sharp-libvips-linuxmusl-x64@1.3.4 OK for: sharp@0.35.5 want: 1.3.4
2073 silly placeDep ROOT @img/sharp-linux-arm@0.35.5 OK for: sharp@0.35.5 want: 0.35.5
2074 silly placeDep ROOT @img/sharp-linux-arm64@0.35.5 OK for: sharp@0.35.5 want: 0.35.5
2075 silly placeDep ROOT @img/sharp-linux-ppc64@0.35.5 OK for: sharp@0.35.5 want: 0.35.5
2076 silly placeDep ROOT @img/sharp-linux-riscv64@0.35.5 OK for: sharp@0.35.5 want: 0.35.5
2077 silly placeDep ROOT @img/sharp-linux-s390x@0.35.5 OK for: sharp@0.35.5 want: 0.35.5
2078 silly placeDep ROOT @img/sharp-linux-x64@0.35.5 OK for: sharp@0.35.5 want: 0.35.5
2079 silly placeDep ROOT @img/sharp-linuxmusl-arm64@0.35.5 OK for: sharp@0.35.5 want: 0.35.5
2080 silly placeDep ROOT @img/sharp-linuxmusl-x64@0.35.5 OK for: sharp@0.35.5 want: 0.35.5
2081 silly placeDep ROOT @img/sharp-webcontainers-wasm32@0.35.5 OK for: sharp@0.35.5 want: 0.35.5
2082 silly placeDep ROOT @img/sharp-win32-arm64@0.35.5 OK for: sharp@0.35.5 want: 0.35.5
2083 silly placeDep ROOT @img/sharp-win32-ia32@0.35.5 OK for: sharp@0.35.5 want: 0.35.5
2084 silly placeDep ROOT @img/sharp-win32-x64@0.35.5 OK for: sharp@0.35.5 want: 0.35.5
2085 silly fetch manifest @img/sharp-wasm32@0.35.5
2086 silly packumentCache full:https://registry.npmjs.org/@img%2fsharp-wasm32 cache-miss
2087 silly fetch manifest @img/sharp-wasm32@0.35.5
2088 silly packumentCache full:https://registry.npmjs.org/@img%2fsharp-wasm32 cache-miss
2089 http fetch GET 200 https://registry.npmjs.org/@img%2fsharp-wasm32 137ms (cache miss)
2090 silly packumentCache full:https://registry.npmjs.org/@img%2fsharp-wasm32 set size:undefined disposed:false
2091 http fetch GET 200 https://registry.npmjs.org/@img%2fsharp-wasm32 182ms (cache miss)
2092 silly packumentCache full:https://registry.npmjs.org/@img%2fsharp-wasm32 set size:undefined disposed:false
2093 silly placeDep ROOT @img/sharp-wasm32@0.35.5 OK for: @img/sharp-freebsd-wasm32@0.35.5 want: 0.35.5
2094 silly fetch manifest @emnapi/runtime@^1.11.3
2095 silly packumentCache full:https://registry.npmjs.org/@emnapi%2fruntime cache-miss
2096 http fetch GET 200 https://registry.npmjs.org/@emnapi%2fruntime 149ms (cache miss)
2097 silly packumentCache full:https://registry.npmjs.org/@emnapi%2fruntime set size:undefined disposed:false
2098 silly placeDep ROOT @emnapi/runtime@1.11.3 OK for: @img/sharp-wasm32@0.35.5 want: ^1.11.3
2099 silly placeDep ROOT shebang-regex@3.0.0 OK for: shebang-command@2.0.0 want: ^3.0.0
2100 silly placeDep ROOT get-east-asian-width@1.7.0 OK for: string-width@8.3.0 want: ^1.5.0
2101 silly placeDep ROOT ansi-regex@6.4.0 OK for: strip-ansi@7.2.0 want: ^6.2.2
2102 silly placeDep ROOT anynum@1.0.1 OK for: strnum@2.4.2 want: ^1.0.1
2103 silly placeDep ROOT @isaacs/fs-minipass@4.0.1 OK for: tar@7.5.22 want: ^4.0.0
2104 silly placeDep ROOT chownr@3.0.0 OK for: tar@7.5.22 want: ^3.0.0
2105 silly placeDep ROOT minizlib@3.1.0 OK for: tar@7.5.22 want: ^3.1.0
2106 silly placeDep ROOT yallist@5.0.0 OK for: tar@7.5.22 want: ^5.0.0
2107 silly placeDep ROOT b4a@1.9.0 OK for: tar-stream@3.2.2 want: ^1.9.0
2108 silly placeDep ROOT bare-fs@4.8.2 OK for: tar-stream@3.2.2 want: ^4.8.2
2109 silly placeDep ROOT fast-fifo@1.3.2 OK for: tar-stream@3.2.2 want: ^1.3.2
2110 silly placeDep ROOT streamx@2.28.1 OK for: tar-stream@3.2.2 want: ^2.28.1
2111 silly fetch manifest bare-url@^2.2.2
2112 silly packumentCache full:https://registry.npmjs.org/bare-url cache-miss
2113 silly fetch manifest bare-path@^3.0.0
2114 silly packumentCache full:https://registry.npmjs.org/bare-path cache-miss
2115 silly fetch manifest bare-events@^2.5.4
2116 silly packumentCache full:https://registry.npmjs.org/bare-events cache-miss
2117 silly fetch manifest bare-stream@^2.6.4
2118 silly packumentCache full:https://registry.npmjs.org/bare-stream cache-miss
2119 silly fetch manifest text-decoder@^1.1.0
2120 silly packumentCache full:https://registry.npmjs.org/text-decoder cache-miss
2121 silly fetch manifest events-universal@^1.0.0
2122 silly packumentCache full:https://registry.npmjs.org/events-universal cache-miss
2123 http fetch GET 200 https://registry.npmjs.org/events-universal 99ms (cache miss)
2124 silly packumentCache full:https://registry.npmjs.org/events-universal set size:undefined disposed:false
2125 http fetch GET 200 https://registry.npmjs.org/bare-path 131ms (cache miss)
2126 silly packumentCache full:https://registry.npmjs.org/bare-path set size:undefined disposed:false
2127 http fetch GET 200 https://registry.npmjs.org/text-decoder 146ms (cache miss)
2128 silly packumentCache full:https://registry.npmjs.org/text-decoder set size:undefined disposed:false
2129 http fetch GET 200 https://registry.npmjs.org/bare-stream 152ms (cache miss)
2130 silly packumentCache full:https://registry.npmjs.org/bare-stream set size:undefined disposed:false
2131 http fetch GET 200 https://registry.npmjs.org/bare-url 164ms (cache miss)
2132 silly packumentCache full:https://registry.npmjs.org/bare-url set size:undefined disposed:false
2133 http fetch GET 200 https://registry.npmjs.org/bare-events 175ms (cache miss)
2134 silly packumentCache full:https://registry.npmjs.org/bare-events set size:undefined disposed:false
2135 silly fetch manifest bare-buffer@*
2136 silly packumentCache full:https://registry.npmjs.org/bare-buffer cache-miss
2137 http fetch GET 200 https://registry.npmjs.org/bare-buffer 129ms (cache miss)
2138 silly packumentCache full:https://registry.npmjs.org/bare-buffer set size:undefined disposed:false
2139 silly placeDep ROOT bare-events@2.9.2 OK for: bare-fs@4.8.2 want: ^2.5.4
2140 silly placeDep ROOT bare-path@3.1.2 OK for: bare-fs@4.8.2 want: ^3.0.0
2141 silly placeDep ROOT bare-stream@2.13.4 OK for: bare-fs@4.8.2 want: ^2.6.4
2142 silly placeDep ROOT bare-url@2.5.4 OK for: bare-fs@4.8.2 want: ^2.2.2
2143 silly fetch manifest teex@^1.0.1
2144 silly packumentCache full:https://registry.npmjs.org/teex cache-miss
2145 http fetch GET 200 https://registry.npmjs.org/teex 70ms (cache miss)
2146 silly packumentCache full:https://registry.npmjs.org/teex set size:undefined disposed:false
2147 silly placeDep ROOT teex@1.0.1 OK for: bare-stream@2.13.4 want: ^1.0.1
2148 silly placeDep ROOT events-universal@1.0.1 OK for: streamx@2.28.1 want: ^1.0.0
2149 silly placeDep ROOT text-decoder@1.2.7 OK for: streamx@2.28.1 want: ^1.1.0
2150 silly placeDep ROOT fdir@6.5.0 OK for: tinyglobby@0.2.17 want: ^6.5.0
2151 silly placeDep ROOT @noble/hashes@2.4.0 OK for: uniku@0.5.0 want: ^2.2.0
2152 silly placeDep ROOT fsevents@2.3.3 OK for: vite@8.3.2 want: ~2.3.3
2153 silly placeDep ROOT lightningcss@1.33.0 OK for: vite@8.3.2 want: ^1.33.0
2154 silly placeDep ROOT postcss@8.5.28 OK for: vite@8.3.2 want: ^8.5.28
2155 silly placeDep node_modules/vite rolldown@1.2.12 OK for: vite@8.3.2 want: ~1.2.11
2156 silly fetch manifest lightningcss-darwin-x64@1.33.0
2157 silly packumentCache full:https://registry.npmjs.org/lightningcss-darwin-x64 cache-miss
2158 silly fetch manifest lightningcss-linux-x64-gnu@1.33.0
2159 silly packumentCache full:https://registry.npmjs.org/lightningcss-linux-x64-gnu cache-miss
2160 silly fetch manifest lightningcss-win32-x64-msvc@1.33.0
2161 silly packumentCache full:https://registry.npmjs.org/lightningcss-win32-x64-msvc cache-miss
2162 silly fetch manifest lightningcss-win32-arm64-msvc@1.33.0
2163 silly packumentCache full:https://registry.npmjs.org/lightningcss-win32-arm64-msvc cache-miss
2164 silly fetch manifest lightningcss-darwin-arm64@1.33.0
2165 silly packumentCache full:https://registry.npmjs.org/lightningcss-darwin-arm64 cache-miss
2166 silly fetch manifest lightningcss-linux-arm64-gnu@1.33.0
2167 silly packumentCache full:https://registry.npmjs.org/lightningcss-linux-arm64-gnu cache-miss
2168 silly fetch manifest lightningcss-linux-arm-gnueabihf@1.33.0
2169 silly packumentCache full:https://registry.npmjs.org/lightningcss-linux-arm-gnueabihf cache-miss
2170 http fetch GET 200 https://registry.npmjs.org/lightningcss-win32-arm64-msvc 175ms (cache miss)
2171 silly packumentCache full:https://registry.npmjs.org/lightningcss-win32-arm64-msvc set size:undefined disposed:false
2172 silly fetch manifest lightningcss-linux-arm64-musl@1.33.0
2173 silly packumentCache full:https://registry.npmjs.org/lightningcss-linux-arm64-musl cache-miss
2174 http fetch GET 200 https://registry.npmjs.org/lightningcss-darwin-x64 185ms (cache miss)
2175 silly packumentCache full:https://registry.npmjs.org/lightningcss-darwin-x64 set size:undefined disposed:false
2176 silly fetch manifest lightningcss-linux-x64-musl@1.33.0
2177 silly packumentCache full:https://registry.npmjs.org/lightningcss-linux-x64-musl cache-miss
2178 http fetch GET 200 https://registry.npmjs.org/lightningcss-win32-x64-msvc 193ms (cache miss)
2179 silly packumentCache full:https://registry.npmjs.org/lightningcss-win32-x64-msvc set size:undefined disposed:false
2180 silly fetch manifest lightningcss-freebsd-x64@1.33.0
2181 silly packumentCache full:https://registry.npmjs.org/lightningcss-freebsd-x64 cache-miss
2182 http fetch GET 200 https://registry.npmjs.org/lightningcss-linux-x64-gnu 201ms (cache miss)
2183 silly packumentCache full:https://registry.npmjs.org/lightningcss-linux-x64-gnu set size:undefined disposed:false
2184 silly fetch manifest lightningcss-android-arm64@1.33.0
2185 silly packumentCache full:https://registry.npmjs.org/lightningcss-android-arm64 cache-miss
2186 http fetch GET 200 https://registry.npmjs.org/lightningcss-linux-arm-gnueabihf 306ms (cache miss)
2187 silly packumentCache full:https://registry.npmjs.org/lightningcss-linux-arm-gnueabihf set size:undefined disposed:false
2188 silly fetch manifest nanoid@^3.3.18
2189 silly packumentCache full:https://registry.npmjs.org/nanoid cache-miss
2190 http fetch GET 200 https://registry.npmjs.org/lightningcss-android-arm64 169ms (cache miss)
2191 silly packumentCache full:https://registry.npmjs.org/lightningcss-android-arm64 set size:undefined disposed:false
2192 silly fetch manifest picocolors@^1.1.1
2193 silly packumentCache full:https://registry.npmjs.org/picocolors cache-miss
2194 http fetch GET 200 https://registry.npmjs.org/lightningcss-linux-x64-musl 190ms (cache miss)
2195 silly packumentCache full:https://registry.npmjs.org/lightningcss-linux-x64-musl set size:undefined disposed:false
2196 silly fetch manifest @oxc-project/types@=0.152.0
2197 silly packumentCache full:https://registry.npmjs.org/@oxc-project%2ftypes cache-miss
2198 http fetch GET 200 https://registry.npmjs.org/lightningcss-freebsd-x64 186ms (cache miss)
2199 silly packumentCache full:https://registry.npmjs.org/lightningcss-freebsd-x64 set size:undefined disposed:false
2200 silly fetch manifest @rolldown/binding-darwin-x64@1.2.12
2201 silly packumentCache full:https://registry.npmjs.org/@rolldown%2fbinding-darwin-x64 cache-miss
2202 http fetch GET 200 https://registry.npmjs.org/lightningcss-linux-arm64-musl 209ms (cache miss)
2203 silly packumentCache full:https://registry.npmjs.org/lightningcss-linux-arm64-musl set size:undefined disposed:false
2204 silly fetch manifest @rolldown/binding-freebsd-x64@1.2.12
2205 silly packumentCache full:https://registry.npmjs.org/@rolldown%2fbinding-freebsd-x64 cache-miss
2206 http fetch GET 200 https://registry.npmjs.org/lightningcss-linux-arm64-gnu 410ms (cache miss)
2207 silly packumentCache full:https://registry.npmjs.org/lightningcss-linux-arm64-gnu set size:undefined disposed:false
2208 silly fetch manifest @rolldown/binding-darwin-arm64@1.2.12
2209 silly packumentCache full:https://registry.npmjs.org/@rolldown%2fbinding-darwin-arm64 cache-miss
2210 http fetch GET 200 https://registry.npmjs.org/lightningcss-darwin-arm64 418ms (cache miss)
2211 silly packumentCache full:https://registry.npmjs.org/lightningcss-darwin-arm64 set size:undefined disposed:false
2212 silly fetch manifest @rolldown/binding-android-arm64@1.2.12
2213 silly packumentCache full:https://registry.npmjs.org/@rolldown%2fbinding-android-arm64 cache-miss
2214 http fetch GET 200 https://registry.npmjs.org/nanoid 116ms (cache revalidated)
2215 silly packumentCache full:https://registry.npmjs.org/nanoid set size:345858 disposed:false
2216 silly fetch manifest @rolldown/binding-linux-x64-gnu@1.2.12
2217 silly packumentCache full:https://registry.npmjs.org/@rolldown%2fbinding-linux-x64-gnu cache-miss
2218 http cache https://registry.npmjs.org/@rolldown%2fbinding-darwin-x64 73ms (cache hit)
2219 silly packumentCache full:https://registry.npmjs.org/@rolldown%2fbinding-darwin-x64 set size:1404597 disposed:false
2220 silly fetch manifest @rolldown/binding-linux-x64-musl@1.2.12
2221 silly packumentCache full:https://registry.npmjs.org/@rolldown%2fbinding-linux-x64-musl cache-miss
2222 http cache https://registry.npmjs.org/@rolldown%2fbinding-freebsd-x64 109ms (cache hit)
2223 silly packumentCache full:https://registry.npmjs.org/@rolldown%2fbinding-freebsd-x64 set size:1084391 disposed:false
2224 silly fetch manifest @rolldown/binding-win32-x64-msvc@1.2.12
2225 silly packumentCache full:https://registry.npmjs.org/@rolldown%2fbinding-win32-x64-msvc cache-miss
2226 http cache https://registry.npmjs.org/@oxc-project%2ftypes 150ms (cache hit)
2227 silly packumentCache full:https://registry.npmjs.org/@oxc-project%2ftypes set size:260338 disposed:false
2228 silly fetch manifest @rolldown/binding-linux-arm64-gnu@1.2.12
2229 silly packumentCache full:https://registry.npmjs.org/@rolldown%2fbinding-linux-arm64-gnu cache-miss
2230 http cache https://registry.npmjs.org/@rolldown%2fbinding-android-arm64 126ms (cache hit)
2231 silly packumentCache full:https://registry.npmjs.org/@rolldown%2fbinding-android-arm64 set size:191110 disposed:false
2232 silly fetch manifest @rolldown/binding-linux-ppc64-gnu@1.2.12
2233 silly packumentCache full:https://registry.npmjs.org/@rolldown%2fbinding-linux-ppc64-gnu cache-miss
2234 http cache https://registry.npmjs.org/@rolldown%2fbinding-darwin-arm64 147ms (cache hit)
2235 silly packumentCache full:https://registry.npmjs.org/@rolldown%2fbinding-darwin-arm64 set size:1416518 disposed:false
2236 silly fetch manifest @rolldown/binding-linux-s390x-gnu@1.2.12
2237 silly packumentCache full:https://registry.npmjs.org/@rolldown%2fbinding-linux-s390x-gnu cache-miss
2238 http fetch GET 200 https://registry.npmjs.org/picocolors 227ms (cache revalidated)
2239 silly packumentCache full:https://registry.npmjs.org/picocolors set size:16648 disposed:false
2240 silly fetch manifest @rolldown/binding-android-arm-eabi@1.2.12
2241 silly packumentCache full:https://registry.npmjs.org/@rolldown%2fbinding-android-arm-eabi cache-miss
2242 http cache https://registry.npmjs.org/@rolldown%2fbinding-linux-x64-gnu 168ms (cache hit)
2243 silly packumentCache full:https://registry.npmjs.org/@rolldown%2fbinding-linux-x64-gnu set size:1430469 disposed:false
2244 silly fetch manifest @rolldown/binding-linux-arm64-musl@1.2.12
2245 silly packumentCache full:https://registry.npmjs.org/@rolldown%2fbinding-linux-arm64-musl cache-miss
2246 http cache https://registry.npmjs.org/@rolldown%2fbinding-linux-x64-musl 169ms (cache hit)
2247 silly packumentCache full:https://registry.npmjs.org/@rolldown%2fbinding-linux-x64-musl set size:1435207 disposed:false
2248 silly fetch manifest @rolldown/binding-win32-arm64-msvc@1.2.12
2249 silly packumentCache full:https://registry.npmjs.org/@rolldown%2fbinding-win32-arm64-msvc cache-miss
2250 http cache https://registry.npmjs.org/@rolldown%2fbinding-win32-x64-msvc 177ms (cache hit)
2251 silly packumentCache full:https://registry.npmjs.org/@rolldown%2fbinding-win32-x64-msvc set size:1423000 disposed:false
2252 silly fetch manifest @rolldown/binding-openharmony-arm64@1.2.12
2253 silly packumentCache full:https://registry.npmjs.org/@rolldown%2fbinding-openharmony-arm64 cache-miss
2254 http cache https://registry.npmjs.org/@rolldown%2fbinding-linux-arm64-gnu 205ms (cache hit)
2255 silly packumentCache full:https://registry.npmjs.org/@rolldown%2fbinding-linux-arm64-gnu set size:1442423 disposed:false
2256 silly fetch manifest @rolldown/binding-linux-arm-gnueabihf@1.2.12
2257 silly packumentCache full:https://registry.npmjs.org/@rolldown%2fbinding-linux-arm-gnueabihf cache-miss
2258 http cache https://registry.npmjs.org/@rolldown%2fbinding-linux-ppc64-gnu 232ms (cache hit)
2259 silly packumentCache full:https://registry.npmjs.org/@rolldown%2fbinding-linux-ppc64-gnu set size:79010 disposed:false
2260 http cache https://registry.npmjs.org/@rolldown%2fbinding-linux-s390x-gnu 196ms (cache hit)
2261 silly packumentCache full:https://registry.npmjs.org/@rolldown%2fbinding-linux-s390x-gnu set size:79006 disposed:false
2262 http cache https://registry.npmjs.org/@rolldown%2fbinding-android-arm-eabi 197ms (cache hit)
2263 silly packumentCache full:https://registry.npmjs.org/@rolldown%2fbinding-android-arm-eabi set size:26745 disposed:false
2264 http cache https://registry.npmjs.org/@rolldown%2fbinding-openharmony-arm64 71ms (cache hit)
2265 silly packumentCache full:https://registry.npmjs.org/@rolldown%2fbinding-openharmony-arm64 set size:153406 disposed:false
2266 http cache https://registry.npmjs.org/@rolldown%2fbinding-linux-arm64-musl 164ms (cache hit)
2267 silly packumentCache full:https://registry.npmjs.org/@rolldown%2fbinding-linux-arm64-musl set size:1447127 disposed:false
2268 http cache https://registry.npmjs.org/@rolldown%2fbinding-linux-arm-gnueabihf 81ms (cache hit)
2269 silly packumentCache full:https://registry.npmjs.org/@rolldown%2fbinding-linux-arm-gnueabihf set size:1452094 disposed:false
2270 http cache https://registry.npmjs.org/@rolldown%2fbinding-win32-arm64-msvc 202ms (cache hit)
2271 silly packumentCache full:https://registry.npmjs.org/@rolldown%2fbinding-win32-arm64-msvc set size:1437299 disposed:false
2272 silly placeDep ROOT lightningcss-android-arm64@1.33.0 OK for: lightningcss@1.33.0 want: 1.33.0
2273 silly placeDep ROOT lightningcss-darwin-arm64@1.33.0 OK for: lightningcss@1.33.0 want: 1.33.0
2274 silly placeDep ROOT lightningcss-darwin-x64@1.33.0 OK for: lightningcss@1.33.0 want: 1.33.0
2275 silly placeDep ROOT lightningcss-freebsd-x64@1.33.0 OK for: lightningcss@1.33.0 want: 1.33.0
2276 silly placeDep ROOT lightningcss-linux-arm-gnueabihf@1.33.0 OK for: lightningcss@1.33.0 want: 1.33.0
2277 silly placeDep ROOT lightningcss-linux-arm64-gnu@1.33.0 OK for: lightningcss@1.33.0 want: 1.33.0
2278 silly placeDep ROOT lightningcss-linux-arm64-musl@1.33.0 OK for: lightningcss@1.33.0 want: 1.33.0
2279 silly placeDep ROOT lightningcss-linux-x64-gnu@1.33.0 OK for: lightningcss@1.33.0 want: 1.33.0
2280 silly placeDep ROOT lightningcss-linux-x64-musl@1.33.0 OK for: lightningcss@1.33.0 want: 1.33.0
2281 silly placeDep ROOT lightningcss-win32-arm64-msvc@1.33.0 OK for: lightningcss@1.33.0 want: 1.33.0
2282 silly placeDep ROOT lightningcss-win32-x64-msvc@1.33.0 OK for: lightningcss@1.33.0 want: 1.33.0
2283 silly placeDep ROOT nanoid@3.3.19 OK for: postcss@8.5.28 want: ^3.3.18
2284 silly placeDep ROOT picocolors@1.1.1 OK for: postcss@8.5.28 want: ^1.1.1
2285 silly fetch manifest @types/node@^22.0.0 || >=24.0.0
2286 silly packumentCache full:https://registry.npmjs.org/@types%2fnode cache-miss
2287 http cache https://registry.npmjs.org/@types%2fnode 86ms (cache hit)
2288 silly packumentCache full:https://registry.npmjs.org/@types%2fnode set size:11171832 disposed:false
2289 silly placeDep ROOT @types/chai@5.2.3 OK for: vitest@5.0.3 want: ^5.2.2
2290 silly placeDep ROOT @vitest/mocker@5.0.3 OK for: vitest@5.0.3 want: 5.0.3
2291 silly placeDep ROOT chai@6.3.0 OK for: vitest@5.0.3 want: ^6.2.2
2292 silly placeDep ROOT es-module-lexer@2.3.2 OK for: vitest@5.0.3 want: ^2.3.2
2293 silly placeDep ROOT expect-type@1.4.0 OK for: vitest@5.0.3 want: ^1.4.0
2294 silly placeDep node_modules/vitest magic-string@1.4.2 OK for: vitest@5.0.3 want: ^1.2.3
2295 silly placeDep ROOT obug@2.2.1 OK for: vitest@5.0.3 want: ^2.1.4
2296 silly placeDep node_modules/vitest std-env@4.3.0 OK for: vitest@5.0.3 want: ^4.2.0
2297 silly placeDep ROOT tinybench@6.2.0 OK for: vitest@5.0.3 want: ^6.1.4
2298 silly placeDep ROOT tinyexec@1.3.1 OK for: vitest@5.0.3 want: ^1.3.0
2299 silly placeDep ROOT why-is-node-running@3.2.1 OK for: vitest@5.0.3 want: 3.2.1
2300 silly fetch manifest @types/deep-eql@*
2301 silly packumentCache full:https://registry.npmjs.org/@types%2fdeep-eql cache-miss
2302 silly fetch manifest assertion-error@^2.0.1
2303 silly packumentCache full:https://registry.npmjs.org/assertion-error cache-miss
2304 silly fetch manifest @vitest/spy@5.0.3
2305 silly packumentCache full:https://registry.npmjs.org/@vitest%2fspy cache-miss
2306 silly fetch manifest estree-walker@^3.0.3
2307 silly packumentCache full:https://registry.npmjs.org/estree-walker cache-hit
2308 silly fetch manifest @jridgewell/trace-mapping@0.3.31
2309 silly packumentCache full:https://registry.npmjs.org/@jridgewell%2ftrace-mapping cache-miss
2310 http fetch GET 200 https://registry.npmjs.org/@types%2fdeep-eql 85ms (cache miss)
2311 silly packumentCache full:https://registry.npmjs.org/@types%2fdeep-eql set size:undefined disposed:false
2312 http fetch GET 200 https://registry.npmjs.org/assertion-error 87ms (cache miss)
2313 silly packumentCache full:https://registry.npmjs.org/assertion-error set size:undefined disposed:false
2314 http fetch GET 200 https://registry.npmjs.org/@jridgewell%2ftrace-mapping 168ms (cache miss)
2315 silly packumentCache full:https://registry.npmjs.org/@jridgewell%2ftrace-mapping set size:undefined disposed:false
2316 http fetch GET 200 https://registry.npmjs.org/@vitest%2fspy 355ms (cache miss)
2317 silly packumentCache full:https://registry.npmjs.org/@vitest%2fspy set size:undefined disposed:false
2318 silly placeDep ROOT @types/deep-eql@4.0.2 OK for: @types/chai@5.2.3 want: *
2319 silly placeDep ROOT assertion-error@2.0.1 OK for: @types/chai@5.2.3 want: ^2.0.1
2320 silly placeDep ROOT @jridgewell/trace-mapping@0.3.31 OK for: @vitest/mocker@5.0.3 want: 0.3.31
2321 silly placeDep ROOT @vitest/spy@5.0.3 OK for: @vitest/mocker@5.0.3 want: 5.0.3
2322 silly placeDep node_modules/@vitest/mocker estree-walker@3.0.3 OK for: @vitest/mocker@5.0.3 want: ^3.0.3
2323 silly placeDep node_modules/@vitest/mocker magic-string@1.4.2 OK for: @vitest/mocker@5.0.3 want: ^1.2.3
2324 silly fetch manifest @jridgewell/resolve-uri@^3.1.0
2325 silly packumentCache full:https://registry.npmjs.org/@jridgewell%2fresolve-uri cache-miss
2326 http fetch GET 200 https://registry.npmjs.org/@jridgewell%2fresolve-uri 121ms (cache miss)
2327 silly packumentCache full:https://registry.npmjs.org/@jridgewell%2fresolve-uri set size:undefined disposed:false
2328 silly placeDep ROOT @jridgewell/resolve-uri@3.1.2 OK for: @jridgewell/trace-mapping@0.3.31 want: ^3.1.0
2329 silly placeDep ROOT vscode-languageserver-protocol@3.18.2 OK for: vscode-languageserver@10.1.0 want: 3.18.2
2330 silly fetch manifest vscode-jsonrpc@9.0.1
2331 silly packumentCache full:https://registry.npmjs.org/vscode-jsonrpc cache-miss
2332 silly fetch manifest vscode-languageserver-types@3.18.0
2333 silly packumentCache full:https://registry.npmjs.org/vscode-languageserver-types cache-miss
2334 http fetch GET 200 https://registry.npmjs.org/vscode-languageserver-types 412ms (cache miss)
2335 silly packumentCache full:https://registry.npmjs.org/vscode-languageserver-types set size:undefined disposed:false
2336 http fetch GET 200 https://registry.npmjs.org/vscode-jsonrpc 433ms (cache miss)
2337 silly packumentCache full:https://registry.npmjs.org/vscode-jsonrpc set size:undefined disposed:false
2338 silly placeDep ROOT vscode-jsonrpc@9.0.1 OK for: vscode-languageserver-protocol@3.18.2 want: 9.0.1
2339 silly placeDep ROOT vscode-languageserver-types@3.18.0 OK for: vscode-languageserver-protocol@3.18.2 want: 3.18.0
2340 silly placeDep ROOT tr46@0.0.3 OK for: whatwg-url@5.0.0 want: ~0.0.3
2341 silly placeDep ROOT webidl-conversions@3.0.1 OK for: whatwg-url@5.0.0 want: ^3.0.0
2342 silly placeDep ROOT isexe@2.0.0 OK for: which@2.0.2 want: ^2.0.0
2343 silly placeDep ROOT @cloudflare/workerd-darwin-64@1.20260901.1 OK for: workerd@1.20260901.1 want: 1.20260901.1
2344 silly placeDep ROOT @cloudflare/workerd-darwin-arm64@1.20260901.1 OK for: workerd@1.20260901.1 want: 1.20260901.1
2345 silly placeDep ROOT @cloudflare/workerd-linux-64@1.20260901.1 OK for: workerd@1.20260901.1 want: 1.20260901.1
2346 silly placeDep ROOT @cloudflare/workerd-linux-arm64@1.20260901.1 OK for: workerd@1.20260901.1 want: 1.20260901.1
2347 silly placeDep ROOT @cloudflare/workerd-windows-64@1.20260901.1 OK for: workerd@1.20260901.1 want: 1.20260901.1
2348 silly placeDep ROOT ansi-styles@6.2.3 OK for: wrap-ansi@10.0.2 want: ^6.2.3
2349 silly placeDep ROOT is-wsl@3.1.1 OK for: wsl-utils@1.0.1 want: ^3.1.0
2350 silly placeDep ROOT cliui@9.0.1 OK for: yargs@18.2.0 want: ^9.0.1
2351 silly placeDep ROOT escalade@3.2.0 OK for: yargs@18.2.0 want: ^3.1.1
2352 silly placeDep ROOT get-caller-file@2.0.5 OK for: yargs@18.2.0 want: ^2.0.5
2353 silly placeDep ROOT y18n@5.0.8 OK for: yargs@18.2.0 want: ^5.0.5
2354 silly placeDep ROOT yargs-parser@22.0.0 OK for: yargs@18.2.0 want: ^22.0.0
2355 silly fetch manifest string-width@^7.2.0
2356 silly packumentCache full:https://registry.npmjs.org/string-width cache-hit
2357 silly fetch manifest wrap-ansi@^9.0.0
2358 silly packumentCache full:https://registry.npmjs.org/wrap-ansi cache-hit
2359 silly placeDep node_modules/cliui string-width@7.2.0 OK for: cliui@9.0.1 want: ^7.2.0
2360 silly placeDep node_modules/cliui wrap-ansi@9.0.2 OK for: cliui@9.0.1 want: ^9.0.0
2361 silly fetch manifest emoji-regex@^10.3.0
2362 silly packumentCache full:https://registry.npmjs.org/emoji-regex cache-miss
2363 http fetch GET 200 https://registry.npmjs.org/emoji-regex 67ms (cache revalidated)
2364 silly packumentCache full:https://registry.npmjs.org/emoji-regex set size:91540 disposed:false
2365 silly placeDep ROOT pend@1.2.0 OK for: yauzl@3.4.0 want: ~1.2.0
2366 silly placeDep ROOT grammex@3.1.13 OK for: zeptomatch@2.1.0 want: ^3.1.11
2367 silly placeDep ROOT graphmatch@1.1.1 OK for: zeptomatch@2.1.0 want: ^1.1.0
2368 silly placeDep node_modules/@octokit/plugin-paginate-rest @octokit/openapi-types@27.0.0 OK for: @octokit/types@16.0.0 want: ^27.0.0
2369 silly placeDep node_modules/@octokit/plugin-rest-endpoint-methods @octokit/openapi-types@27.0.0 OK for: @octokit/types@16.0.0 want: ^27.0.0
2370 silly placeDep ROOT emoji-regex@10.6.0 OK for: string-width@7.2.0 want: ^10.3.0
2371 silly placeDep node_modules/vite @oxc-project/types@0.152.0 OK for: rolldown@1.2.12 want: =0.152.0
2372 silly placeDep node_modules/vite @rolldown/binding-android-arm-eabi@1.2.12 OK for: rolldown@1.2.12 want: 1.2.12
2373 silly placeDep node_modules/vite @rolldown/binding-android-arm64@1.2.12 OK for: rolldown@1.2.12 want: 1.2.12
2374 silly placeDep node_modules/vite @rolldown/binding-darwin-arm64@1.2.12 OK for: rolldown@1.2.12 want: 1.2.12
2375 silly placeDep node_modules/vite @rolldown/binding-darwin-x64@1.2.12 OK for: rolldown@1.2.12 want: 1.2.12
2376 silly placeDep node_modules/vite @rolldown/binding-freebsd-x64@1.2.12 OK for: rolldown@1.2.12 want: 1.2.12
2377 silly placeDep node_modules/vite @rolldown/binding-linux-arm-gnueabihf@1.2.12 OK for: rolldown@1.2.12 want: 1.2.12
2378 silly placeDep node_modules/vite @rolldown/binding-linux-arm64-gnu@1.2.12 OK for: rolldown@1.2.12 want: 1.2.12
2379 silly placeDep node_modules/vite @rolldown/binding-linux-arm64-musl@1.2.12 OK for: rolldown@1.2.12 want: 1.2.12
2380 silly placeDep node_modules/vite @rolldown/binding-linux-ppc64-gnu@1.2.12 OK for: rolldown@1.2.12 want: 1.2.12
2381 silly placeDep node_modules/vite @rolldown/binding-linux-s390x-gnu@1.2.12 OK for: rolldown@1.2.12 want: 1.2.12
2382 silly placeDep node_modules/vite @rolldown/binding-linux-x64-gnu@1.2.12 OK for: rolldown@1.2.12 want: 1.2.12
2383 silly placeDep node_modules/vite @rolldown/binding-linux-x64-musl@1.2.12 OK for: rolldown@1.2.12 want: 1.2.12
2384 silly placeDep node_modules/vite @rolldown/binding-openharmony-arm64@1.2.12 OK for: rolldown@1.2.12 want: 1.2.12
2385 silly placeDep node_modules/vite @rolldown/binding-win32-arm64-msvc@1.2.12 OK for: rolldown@1.2.12 want: 1.2.12
2386 silly placeDep node_modules/vite @rolldown/binding-win32-x64-msvc@1.2.12 OK for: rolldown@1.2.12 want: 1.2.12
2387 verbose stack Error: Unsupported platform
2387 verbose stack     at checkPlatform (/data/data/com.termux/files/usr/lib/node_modules/npm/node_modules/npm-install-checks/lib/index.js:42:25)
2387 verbose stack     at #checkEngineAndPlatform (/data/data/com.termux/files/usr/lib/node_modules/npm/node_modules/@npmcli/arborist/lib/arborist/build-ideal-tree.js:213:9)
2387 verbose stack     at Arborist.buildIdealTree (/data/data/com.termux/files/usr/lib/node_modules/npm/node_modules/@npmcli/arborist/lib/arborist/build-ideal-tree.js:183:41)
2387 verbose stack     at async Promise.all (index 1)
2387 verbose stack     at async Arborist.reify (/data/data/com.termux/files/usr/lib/node_modules/npm/node_modules/@npmcli/arborist/lib/arborist/reify.js:118:5)
2387 verbose stack     at async /data/data/com.termux/files/usr/lib/node_modules/npm/node_modules/libnpmexec/lib/index.js:316:9
2387 verbose stack     at async /data/data/com.termux/files/usr/lib/node_modules/npm/node_modules/libnpmexec/lib/with-lock.js:58:19
2388 verbose pkgid libsql@0.5.29
2389 error code EBADPLATFORM
2390 error notsup Unsupported platform for libsql@0.5.29: wanted {"os":"darwin,linux,win32","cpu":"x64,arm64,wasm32,arm"} (current: {"os":"android","cpu":"arm64"})
2391 error notsup Valid os:   darwin,linux,win32
2391 error notsup Actual os:  android
2391 error notsup Valid cpu:  x64,arm64,wasm32,arm
2391 error notsup Actual cpu: arm64
2392 silly unfinished npm timer reify 1791050569222
2393 silly unfinished npm timer reify:loadTrees 1791050569224
2394 verbose cwd /data/data/com.termux/files/home/ai-sandbox-backend
2395 verbose os Linux 6.6.89-android15-8-abA146PXXSJEZH6-4k
2396 verbose node v26.4.0
2397 verbose npm  v11.20.0
2398 verbose exit 1
2399 verbose code 1
2400 error A complete log of this run can be found in: /data/data/com.termux/files/home/.npm/_logs/2026-10-03T18_02_39_709Z-debug-0.log
